1;22403;1.262944;18.91272;14:11:09.80;13/10/22;True;4701.9438;00815.2983;0.20372
2;199;1.299579;18.54221;14:11:10.00;13/10/22;True;4701.9439;00815.2983;0.25928
3;198;1.222104;18.49261;14:11:10.20;13/10/22;True;4701.9439;00815.2983;0.20372
4;201;0.3229171;18.74842;14:11:10.40;13/10/22;True;4701.9438;00815.2983;0.12964
5;198;-1.439163;19.58147;14:11:10.60;13/10/22;True;4701.9437;00815.2983;0.12964
6;199;-1.578447;19.74529;14:11:10.80;13/10/22;True;4701.9437;00815.2984;0.12964
7;206;-0.4518901;18.40719;14:11:11.00;13/10/22;True;4701.9437;00815.2984;0.0926
8;196;1.689245;15.69355;14:11:11.20;13/10/22;True;4701.9438;00815.2984;0.12964
9;201;3.729882;15.12634;14:11:11.40;13/10/22;True;4701.9438;00815.2985;0.16668
10;200;2.855703;15.85775;14:11:11.60;13/10/22;True;4701.9438;00815.2985;0.22224
11;199;1.584368;17.01329;14:11:11.80;13/10/22;True;4701.9439;00815.2985;0.24076
12;204;-3.599273;20.88679;14:11:12.00;13/10/22;True;4701.9439;00815.2986;1.1112
13;197;-4.212727;20.25743;14:11:12.20;13/10/22;True;4701.9439;00815.2986;1.51864
14;199;-0.5040061;19.20826;14:11:12.40;13/10/22;True;4701.9440;00815.2986;1.68532
15;201;0.6001932;17.20647;14:11:12.60;13/10/22;True;4701.9440;00815.2987;1.9446
16;198;1.297328;16.57284;14:11:12.80;13/10/22;True;4701.9442;00815.2987;2.18536
17;202;1.245765;16.1717;14:11:13.00;13/10/22;True;4701.9442;00815.2988;2.37056
18;200;-2.113249;17.34691;14:11:13.20;13/10/22;True;4701.9444;00815.2988;2.5928
19;199;-0.7808895;16.49121;14:11:13.40;13/10/22;True;4701.9445;00815.2988;2.81504
20;201;-0.9351419;14.14903;14:11:13.60;13/10/22;True;4701.9447;00815.2989;3.03728
21;199;-1.098675;15.19527;14:11:13.80;13/10/22;True;4701.9449;00815.2990;3.241
22;204;1.525293;14.92156;14:11:14.00;13/10/22;True;4701.9450;00815.2990;3.44472
23;196;-0.05728854;15.8703;14:11:14.20;13/10/22;True;4701.9452;00815.2991;3.66696
24;200;-1.622399;14.44053;14:11:14.40;13/10/22;True;4701.9454;00815.2991;3.68548
25;201;0.4699459;11.77238;14:11:14.60;13/10/22;True;4701.9455;00815.2990;3.66696
26;198;-0.1613924;14.80483;14:11:14.80;13/10/22;True;4701.9456;00815.2990;3.64844
27;200;-0.0418856;14.97792;14:11:15.00;13/10/22;True;4701.9457;00815.2990;3.55584
28;201;-3.53046;16.49156;14:11:15.20;13/10/22;True;4701.9458;00815.2990;3.48176
29;202;-4.056517;15.42484;14:11:15.40;13/10/22;True;4701.9458;00815.2990;3.44472
30;200;0.3924023;14.32529;14:11:15.60;13/10/22;True;4701.9459;00815.2990;3.37064
31;198;-0.7623241;15.70375;14:11:15.80;13/10/22;True;4701.9460;00815.2989;3.35212
32;202;0.5622026;14.98818;14:11:16.00;13/10/22;True;4701.9462;00815.2989;3.38916
33;198;-4.614886;15.55025;14:11:16.20;13/10/22;True;4701.9463;00815.2989;3.44472
34;199;-5.542115;14.63736;14:11:16.40;13/10/22;True;4701.9464;00815.2989;3.50028
35;200;-0.5410452;13.78123;14:11:16.60;13/10/22;True;4701.9465;00815.2989;3.53732
36;200;-0.8734203;16.94181;14:11:16.80;13/10/22;True;4701.9467;00815.2988;3.87068
37;205;-0.233584;16.84134;14:11:17.00;13/10/22;True;4701.9469;00815.2988;4.31516
38;199;-1.686724;17.951;14:11:17.20;13/10/22;True;4701.9470;00815.2988;4.37072
39;198;-3.950154;18.4258;14:11:17.40;13/10/22;True;4701.9472;00815.2988;4.8152
40;198;0.9616028;17.24546;14:11:17.60;13/10/22;True;4701.9474;00815.2988;4.92632
41;202;2.241345;18.61758;14:11:17.80;13/10/22;True;4701.9475;00815.2988;5.0004
42;200;3.333832;18.1896;14:11:18.00;13/10/22;True;4701.9477;00815.2987;4.96336
43;202;2.427752;19.48768;14:11:18.20;13/10/22;True;4701.9478;00815.2987;4.88928
44;195;1.050757;20.05138;14:11:18.40;13/10/22;True;4701.9480;00815.2987;4.83372
45;201;5.144441;19.48094;14:11:18.60;13/10/22;True;4701.9482;00815.2987;4.83372
46;199;6.266411;18.20996;14:11:18.80;13/10/22;True;4701.9483;00815.2987;4.83372
47;202;8.133865;19.00946;14:11:19.00;13/10/22;True;4701.9484;00815.2988;4.8152
48;203;6.977402;19.77585;14:11:19.20;13/10/22;True;4701.9485;00815.2988;4.79668
49;200;4.435545;22.1752;14:11:19.40;13/10/22;True;4701.9487;00815.2989;4.77816
50;201;5.99519;21.29669;14:11:19.60;13/10/22;True;4701.9489;00815.2989;4.8152
51;197;6.652119;18.57595;14:11:19.80;13/10/22;True;4701.9491;00815.2990;4.88928
52;199;8.568836;17.99738;14:11:20.00;13/10/22;True;4701.9492;00815.2990;5.38932
53;200;9.087213;20.08624;14:11:20.20;13/10/22;True;4701.9493;00815.2990;5.29672
54;199;4.260837;23.31937;14:11:20.40;13/10/22;True;4701.9494;00815.2990;5.24116
55;200;3.699228;22.28856;14:11:20.60;13/10/22;True;4701.9495;00815.2991;5.16708
56;199;0.6205344;18.84929;14:11:20.80;13/10/22;True;4701.9497;00815.2990;5.11152
57;204;1.047817;19.64265;14:11:21.00;13/10/22;True;4701.9498;00815.2990;4.79668
58;201;1.742304;19.50129;14:11:21.20;13/10/22;True;4701.9498;00815.2990;4.29664
59;198;-0.9853073;20.49933;14:11:21.40;13/10/22;True;4701.9499;00815.2990;4.38924
60;201;0.1748379;18.14532;14:11:21.60;13/10/22;True;4701.9500;00815.2989;4.40776
61;199;1.754215;15.36875;14:11:21.80;13/10/22;True;4701.9501;00815.2989;4.38924
62;203;0.05066864;18.02735;14:11:22.00;13/10/22;True;4701.9503;00815.2989;4.40776
63;197;0.7324389;18.81692;14:11:22.20;13/10/22;True;4701.9504;00815.2989;4.48184
64;199;-4.528216;20.48176;14:11:22.40;13/10/22;True;4701.9505;00815.2989;4.55592
65;200;-4.10375;20.2593;14:11:22.60;13/10/22;True;4701.9507;00815.2988;4.98188
66;202;-0.6240557;19.86978;14:11:22.80;13/10/22;True;4701.9508;00815.2989;4.96336
67;201;2.060164;20.03304;14:11:23.00;13/10/22;True;4701.9509;00815.2988;5.07448
68;198;3.213795;18.28663;14:11:23.20;13/10/22;True;4701.9511;00815.2988;5.14856
69;201;4.185212;19.11548;14:11:23.40;13/10/22;True;4701.9512;00815.2988;5.14856
70;200;1.291525;22.14046;14:11:23.60;13/10/22;True;4701.9514;00815.2988;4.83372
71;201;1.547429;21.97063;14:11:23.80;13/10/22;True;4701.9515;00815.2988;4.8152
72;198;-0.3995156;20.1106;14:11:24.00;13/10/22;True;4701.9516;00815.2988;4.48184
73;203;1.50563;19.91631;14:11:24.20;13/10/22;True;4701.9518;00815.2988;4.42628
74;195;1.053422;20.12285;14:11:24.40;13/10/22;True;4701.9519;00815.2988;4.46332
75;200;-1.552747;22.09219;14:11:24.60;13/10/22;True;4701.9520;00815.2988;4.46332
76;200;-0.5391989;20.16952;14:11:24.80;13/10/22;True;4701.9522;00815.2988;4.38924
77;203;1.775787;15.70148;14:11:25.00;13/10/22;True;4701.9523;00815.2988;4.37072
78;198;1.939854;16.68278;14:11:25.20;13/10/22;True;4701.9525;00815.2988;4.37072
79;202;1.538091;17.59466;14:11:25.40;13/10/22;True;4701.9526;00815.2988;4.40776
80;198;-4.119781;21.573;14:11:25.60;13/10/22;True;4701.9528;00815.2988;4.48184
81;201;-4.260098;18.78795;14:11:25.80;13/10/22;True;4701.9529;00815.2989;4.5374
82;199;-2.516214;16.27182;14:11:26.00;13/10/22;True;4701.9531;00815.2989;4.64852
83;198;-2.464279;17.80308;14:11:26.20;13/10/22;True;4701.9532;00815.2990;4.74112
84;202;-0.9032565;18.05687;14:11:26.40;13/10/22;True;4701.9534;00815.2990;4.8152
85;202;-5.757044;20.53873;14:11:26.60;13/10/22;True;4701.9535;00815.2990;4.85224
86;198;-8.323637;21.08979;14:11:26.80;13/10/22;True;4701.9537;00815.2990;4.94484
87;200;-4.656188;18.85841;14:11:27.00;13/10/22;True;4701.9539;00815.2991;4.98188
88;200;-2.824165;17.46662;14:11:27.20;13/10/22;True;4701.9540;00815.2991;4.96336
89;198;-1.253815;16.88536;14:11:27.40;13/10/22;True;4701.9542;00815.2991;5.01892
90;198;-1.825197;17.90669;14:11:27.60;13/10/22;True;4701.9543;00815.2992;5.093
91;203;-5.27178;19.85491;14:11:27.80;13/10/22;True;4701.9545;00815.2992;5.16708
92;203;-3.139099;19.33226;14:11:28.00;13/10/22;True;4701.9546;00815.2992;5.20412
93;195;-3.751858;18.7252;14:11:28.20;13/10/22;True;4701.9548;00815.2992;5.50044
94;201;-1.175929;18.30865;14:11:28.40;13/10/22;True;4701.9550;00815.2993;5.44488
95;199;0.447935;19.3962;14:11:28.60;13/10/22;True;4701.9551;00815.2993;5.51896
96;199;-2.664674;19.54765;14:11:28.80;13/10/22;True;4701.9554;00815.2993;5.98196
97;204;-3.136558;19.09056;14:11:29.00;13/10/22;True;4701.9555;00815.2993;5.94492
98;200;-0.1312066;14.9185;14:11:29.20;13/10/22;True;4701.9557;00815.2993;6.05604
99;201;0.5498481;13.79643;14:11:29.40;13/10/22;True;4701.9559;00815.2992;5.90788
100;199;1.90672;14.35522;14:11:29.60;13/10/22;True;4701.9560;00815.2991;5.48192
101;201;-3.069092;17.04908;14:11:29.80;13/10/22;True;4701.9562;00815.2991;5.50044
102;200;-2.441865;15.0535;14:11:30.00;13/10/22;True;4701.9564;00815.2992;5.81528
103;200;-1.970359;12.74289;14:11:30.20;13/10/22;True;4701.9566;00815.2992;5.94492
104;196;-1.501475;15.08646;14:11:30.40;13/10/22;True;4701.9567;00815.2992;5.81528
105;203;-1.015224;15.05378;14:11:30.60;13/10/22;True;4701.9569;00815.2993;5.33376
106;197;-4.434731;17.83165;14:11:30.80;13/10/22;True;4701.9570;00815.2993;4.77816
107;202;-4.668064;17.19959;14:11:31.00;13/10/22;True;4701.9571;00815.2993;4.70408
108;200;-3.974714;16.0248;14:11:31.20;13/10/22;True;4701.9572;00815.2994;4.63
109;198;-2.924499;14.63386;14:11:31.40;13/10/22;True;4701.9573;00815.2995;4.27812
110;202;-0.7496124;12.79343;14:11:31.60;13/10/22;True;4701.9574;00815.2995;4.20404
111;200;-2.217297;14.18403;14:11:31.80;13/10/22;True;4701.9575;00815.2996;4.20404
112;201;-6.013974;17.96637;14:11:32.00;13/10/22;True;4701.9576;00815.2997;4.33368
113;200;-5.586168;17.11117;14:11:32.20;13/10/22;True;4701.9577;00815.2998;4.3522
114;199;-3.17287;13.42625;14:11:32.40;13/10/22;True;4701.9579;00815.2998;4.31516
115;201;-1.61305;14.62292;14:11:32.60;13/10/22;True;4701.9580;00815.2998;4.3522
116;199;0.5758961;14.90023;14:11:32.80;13/10/22;True;4701.9581;00815.2998;4.33368
117;203;-1.681324;18.08687;14:11:33.00;13/10/22;True;4701.9581;00815.3000;4.24108
118;201;-2.19569;15.60741;14:11:33.20;13/10/22;True;4701.9582;00815.3000;4.18552
119;196;-0.1985039;13.40439;14:11:33.40;13/10/22;True;4701.9584;00815.2999;4.20404
120;201;-0.3085351;15.85637;14:11:33.60;13/10/22;True;4701.9586;00815.2998;4.75964
121;201;-0.4031161;15.42783;14:11:33.80;13/10/22;True;4701.9588;00815.2997;4.88928
122;200;-5.733579;17.95695;14:11:34.00;13/10/22;True;4701.9590;00815.2996;5.16708
123;197;-7.408503;17.99156;14:11:34.20;13/10/22;True;4701.9592;00815.2995;5.29672
124;201;-4.806733;17.68388;14:11:34.40;13/10/22;True;4701.9594;00815.2995;5.42636
125;201;-4.201434;18.87973;14:11:34.60;13/10/22;True;4701.9595;00815.2994;5.4634
126;202;-3.07983;18.96741;14:11:34.80;13/10/22;True;4701.9597;00815.2994;5.44488
127;199;-2.132048;20.41485;14:11:35.00;13/10/22;True;4701.9598;00815.2994;4.98188
128;201;-4.414244;22.26947;14:11:35.20;13/10/22;True;4701.9599;00815.2994;4.88928
129;197;-2.056583;22.49004;14:11:35.40;13/10/22;True;4701.9601;00815.2994;4.85224
130;199;-1.789402;20.22145;14:11:35.60;13/10/22;True;4701.9602;00815.2995;4.74112
131;200;0.8012617;18.5047;14:11:35.80;13/10/22;True;4701.9604;00815.2995;4.83372
132;206;1.398311;18.46369;14:11:36.00;13/10/22;True;4701.9605;00815.2996;4.8152
133;197;-0.9947847;19.89462;14:11:36.20;13/10/22;True;4701.9607;00815.2996;4.74112
134;196;-1.107524;18.90311;14:11:36.40;13/10/22;True;4701.9608;00815.2996;4.09292
135;200;-1.912484;15.66533;14:11:36.60;13/10/22;True;4701.9609;00815.2996;4.167
136;202;-0.1241251;16.44067;14:11:36.80;13/10/22;True;4701.9611;00815.2996;4.68556
137;201;1.453468;17.08993;14:11:37.00;13/10/22;True;4701.9613;00815.2996;5.07448
138;199;-0.1395086;18.15484;14:11:37.20;13/10/22;True;4701.9615;00815.2996;5.1856
139;199;-0.3310449;16.57377;14:11:37.40;13/10/22;True;4701.9616;00815.2996;5.1856
140;199;1.234477;14.54156;14:11:37.60;13/10/22;True;4701.9618;00815.2996;5.11152
141;203;-0.02646344;16.48985;14:11:37.80;13/10/22;True;4701.9619;00815.2996;4.42628
142;200;1.912994;17.27844;14:11:38.00;13/10/22;True;4701.9620;00815.2996;4.33368
143;199;-2.636474;18.84797;14:11:38.20;13/10/22;True;4701.9621;00815.2996;4.24108
144;201;-1.859881;18.73623;14:11:38.40;13/10/22;True;4701.9622;00815.2995;3.8892
145;200;0.5356456;18.52546;14:11:38.60;13/10/22;True;4701.9623;00815.2995;3.77808
146;199;1.196144;17.5679;14:11:38.80;13/10/22;True;4701.9624;00815.2995;3.68548
147;202;3.170958;17.46913;14:11:39.00;13/10/22;True;4701.9625;00815.2995;3.64844
148;199;3.253709;17.96994;14:11:39.20;13/10/22;True;4701.9626;00815.2995;3.74104
149;198;-1.78239;19.60643;14:11:39.40;13/10/22;True;4701.9627;00815.2995;3.77808
150;201;-1.620295;19.12817;14:11:39.60;13/10/22;True;4701.9628;00815.2994;3.77808
151;201;-5.688067;17.10444;14:11:39.80;13/10/22;True;4701.9630;00815.2994;4.31516
152;202;-1.600953;17.95166;14:11:40.00;13/10/22;True;4701.9632;00815.2994;4.4448
153;200;-0.9173182;17.75225;14:11:40.20;13/10/22;True;4701.9634;00815.2994;5.093
154;199;-3.321407;19.40863;14:11:40.40;13/10/22;True;4701.9635;00815.2994;5.07448
155;200;-2.625303;17.6355;14:11:40.60;13/10/22;True;4701.9637;00815.2994;5.03744
156;197;-0.05111576;15.13832;14:11:40.80;13/10/22;True;4701.9638;00815.2994;4.98188
157;206;0.4716285;17.08908;14:11:41.00;13/10/22;True;4701.9640;00815.2994;5.0004
158;198;1.538841;17.84536;14:11:41.20;13/10/22;True;4701.9642;00815.2994;5.05596
159;200;-2.819243;19.78295;14:11:41.40;13/10/22;True;4701.9644;00815.2994;5.11152
160;199;-2.687968;19.53149;14:11:41.60;13/10/22;True;4701.9646;00815.2994;5.16708
161;197;-0.8588163;18.8181;14:11:41.80;13/10/22;True;4701.9648;00815.2994;5.13004
162;203;-1.82985;19.05094;14:11:42.00;13/10/22;True;4701.9650;00815.2994;4.79668
163;203;-0.2974058;19.1824;14:11:42.20;13/10/22;True;4701.9651;00815.2994;4.75964
164;196;-1.85219;20.26071;14:11:42.40;13/10/22;True;4701.9653;00815.2994;4.74112
165;199;-2.132301;22.19342;14:11:42.60;13/10/22;True;4701.9655;00815.2994;4.63
166;199;0.7112412;21.79084;14:11:42.80;13/10/22;True;4701.9656;00815.2994;4.33368
167;202;-1.089825;20.78351;14:11:43.00;13/10/22;True;4701.9658;00815.2994;4.22256
168;198;0.5790014;20.54718;14:11:43.20;13/10/22;True;4701.9659;00815.2995;4.14848
169;201;0.714232;21.94309;14:11:43.40;13/10/22;True;4701.9662;00815.2994;4.18552
170;199;-1.7475;24.3755;14:11:43.60;13/10/22;True;4701.9664;00815.2994;4.5374
171;201;-0.276476;23.22698;14:11:43.80;13/10/22;True;4701.9667;00815.2994;4.83372
172;203;-3.40108;21.25474;14:11:44.00;13/10/22;True;4701.9670;00815.2994;5.13004
173;198;-2.154531;20.91129;14:11:44.20;13/10/22;True;4701.9671;00815.2994;5.13004
174;199;-2.401029;21.32285;14:11:44.40;13/10/22;True;4701.9673;00815.2993;5.24116
175;200;-4.457983;20.56142;14:11:44.60;13/10/22;True;4701.9677;00815.2993;5.87084
176;199;-3.661478;18.52278;14:11:44.80;13/10/22;True;4701.9681;00815.2994;5.96344
177;204;-2.948652;16.62735;14:11:45.00;13/10/22;True;4701.9685;00815.2994;5.94492
178;198;-3.326877;18.54163;14:11:45.20;13/10/22;True;4701.9691;00815.2995;5.85232
179;199;-1.994855;17.96521;14:11:45.40;13/10/22;True;4701.9694;00815.2995;5.79676
180;201;-5.896095;20.43279;14:11:45.60;13/10/22;True;4701.9697;00815.2995;5.79676
181;201;-5.962685;19.13056;14:11:45.80;13/10/22;True;4701.9700;00815.2995;5.7412
182;202;-4.755447;17.87159;14:11:46.00;13/10/22;True;4701.9703;00815.2994;5.72268
183;197;-3.610085;18.6103;14:11:46.20;13/10/22;True;4701.9705;00815.2994;5.68564
184;199;-1.657043;17.98045;14:11:46.40;13/10/22;True;4701.9707;00815.2994;5.6486
185;201;-5.332004;19.52403;14:11:46.60;13/10/22;True;4701.9710;00815.2994;5.6486
186;202;-7.089858;20.47441;14:11:46.80;13/10/22;True;4701.9712;00815.2994;5.68564
187;201;-4.004694;19.02037;14:11:47.00;13/10/22;True;4701.9714;00815.2995;5.7412
188;194;-3.190561;20.68725;14:11:47.20;13/10/22;True;4701.9717;00815.2995;5.77824
189;202;-1.581025;20.09423;14:11:47.40;13/10/22;True;4701.9719;00815.2995;5.79676
190;201;-1.255066;21.6615;14:11:47.60;13/10/22;True;4701.9721;00815.2995;5.79676
191;197;-2.859139;22.37426;14:11:47.80;13/10/22;True;4701.9724;00815.2995;5.79676
192;204;-0.8407229;21.67023;14:11:48.00;13/10/22;True;4701.9726;00815.2995;6.1116
193;199;-0.4830908;20.72063;14:11:48.20;13/10/22;True;4701.9729;00815.2995;6.1116
194;199;0.8839931;19.42726;14:11:48.40;13/10/22;True;4701.9731;00815.2995;6.13012
195;199;2.337379;18.08163;14:11:48.60;13/10/22;True;4701.9733;00815.2995;6.22272
196;201;-2.493411;19.39444;14:11:48.80;13/10/22;True;4701.9735;00815.2994;6.63016
197;204;-0.6074183;18.45924;14:11:49.00;13/10/22;True;4701.9737;00815.2994;6.51904
198;197;-2.721414;18.06632;14:11:49.20;13/10/22;True;4701.9739;00815.2995;6.16716
199;199;-0.4317005;17.31992;14:11:49.40;13/10/22;True;4701.9740;00815.2995;6.03752
200;198;0.6936412;16.71733;14:11:49.60;13/10/22;True;4701.9742;00815.2994;5.57452
201;202;-2.721331;18.43484;14:11:49.80;13/10/22;True;4701.9743;00815.2994;5.13004
202;202;-1.1986;16.96915;14:11:50.00;13/10/22;True;4701.9745;00815.2994;5.07448
203;197;2.205794;12.81216;14:11:50.20;13/10/22;True;4701.9746;00815.2994;5.11152
204;199;3.138012;11.37902;14:11:50.40;13/10/22;True;4701.9747;00815.2994;4.66704
205;202;5.452801;11.32618;14:11:50.60;13/10/22;True;4701.9749;00815.2994;4.57444
206;199;4.160705;13.28614;14:11:50.80;13/10/22;True;4701.9750;00815.2994;4.27812
207;204;5.684835;11.64095;14:11:51.00;13/10/22;True;4701.9751;00815.2994;3.77808
208;195;5.985866;10.61328;14:11:51.20;13/10/22;True;4701.9753;00815.2993;4.0744
209;202;3.9092;13.28261;14:11:51.40;13/10/22;True;4701.9754;00815.2993;4.0744
210;199;6.527473;14.88839;14:11:51.60;13/10/22;True;4701.9756;00815.2992;4.11144
211;197;3.65236;15.71226;14:11:51.80;13/10/22;True;4701.9758;00815.2992;4.22256
212;202;3.056072;15.21988;14:11:52.00;13/10/22;True;4701.9759;00815.2991;4.20404
213;200;5.883513;13.45515;14:11:52.20;13/10/22;True;4701.9760;00815.2991;4.18552
214;200;3.74052;15.12124;14:11:52.40;13/10/22;True;4701.9761;00815.2990;4.24108
215;197;3.516581;15.13619;14:11:52.60;13/10/22;True;4701.9763;00815.2990;4.59296
216;203;4.231164;15.33609;14:11:52.80;13/10/22;True;4701.9765;00815.2989;5.38932
217;200;1.35799;17.96933;14:11:53.00;13/10/22;True;4701.9767;00815.2988;5.35228
218;200;5.119118;16.90164;14:11:53.20;13/10/22;True;4701.9769;00815.2987;5.48192
219;200;6.107563;16.84422;14:11:53.40;13/10/22;True;4701.9770;00815.2987;5.48192
220;199;8.337939;16.26469;14:11:53.60;13/10/22;True;4701.9771;00815.2987;5.42636
221;201;8.542309;15.92489;14:11:53.80;13/10/22;True;4701.9772;00815.2988;5.35228
222;202;5.253315;18.9958;14:11:54.00;13/10/22;True;4701.9773;00815.2988;4.88928
223;201;7.741898;18.86405;14:11:54.20;13/10/22;True;4701.9774;00815.2989;4.57444
224;198;9.161973;19.5819;14:11:54.40;13/10/22;True;4701.9774;00815.2989;4.24108
225;198;10.52767;18.52578;14:11:54.60;13/10/22;True;4701.9775;00815.2989;4.12996
226;201;10.32934;18.16313;14:11:54.80;13/10/22;True;4701.9775;00815.2989;3.74104
227;207;5.275615;19.04517;14:11:55.00;13/10/22;True;4701.9776;00815.2988;3.704
228;194;8.245506;18.20825;14:11:55.20;13/10/22;True;4701.9776;00815.2988;3.35212
229;202;4.82313;17.91864;14:11:55.40;13/10/22;True;4701.9777;00815.2988;3.40768
230;198;6.427828;18.0422;14:11:55.60;13/10/22;True;4701.9778;00815.2987;3.38916
231;200;6.98245;17.3999;14:11:55.80;13/10/22;True;4701.9779;00815.2987;3.77808
232;203;2.01921;19.21112;14:11:56.00;13/10/22;True;4701.9780;00815.2987;3.8892
233;198;2.010487;18.47525;14:11:56.20;13/10/22;True;4701.9781;00815.2987;4.01884
234;199;-1.539813;16.93974;14:11:56.40;13/10/22;True;4701.9782;00815.2987;4.38924
235;203;1.05931;17.55196;14:11:56.60;13/10/22;True;4701.9784;00815.2987;4.85224
236;199;2.036688;16.51946;14:11:56.80;13/10/22;True;4701.9782;00815.2992;4.88928
237;199;0.1043622;17.41131;14:11:57.00;13/10/22;True;4701.9783;00815.2992;4.83372
238;199;1.296294;15.70836;14:11:57.20;13/10/22;True;4701.9784;00815.2992;4.7226
239;202;0.8291365;14.44135;14:11:57.40;13/10/22;True;4701.9785;00815.2991;4.68556
240;200;1.894812;16.53986;14:11:57.60;13/10/22;True;4701.9787;00815.2990;5.38932
241;201;5.185032;16.87169;14:11:57.80;13/10/22;True;4701.9788;00815.2990;5.42636
242;202;3.365411;18.74886;14:11:58.00;13/10/22;True;4701.9789;00815.2990;5.38932
243;197;3.515772;16.88663;14:11:58.20;13/10/22;True;4701.9789;00815.2991;5.2782
244;199;6.195558;14.55912;14:11:58.40;13/10/22;True;4701.9790;00815.2992;4.74112
245;202;5.647249;15.67807;14:11:58.60;13/10/22;True;4701.9791;00815.2991;4.59296
246;196;5.652448;15.288;14:11:58.80;13/10/22;True;4701.9792;00815.2991;4.29664
247;204;-0.9694371;16.68083;14:11:59.00;13/10/22;True;4701.9793;00815.2991;4.33368
248;196;0.140969;16.26526;14:11:59.20;13/10/22;True;4701.9794;00815.2991;4.24108
249;202;1.663556;14.79425;14:11:59.40;13/10/22;True;4701.9795;00815.2991;4.14848
250;200;0.601294;16.52271;14:11:59.60;13/10/22;True;4701.9796;00815.2991;4.03736
251;200;1.643105;15.63954;14:11:59.80;13/10/22;True;4701.9797;00815.2990;4.01884
252;201;-0.01637492;16.68917;14:12:00.00;13/10/22;True;4701.9798;00815.2990;4.01884
253;202;-2.356173;17.69881;14:12:00.20;13/10/22;True;4701.9799;00815.2989;4.51888
254;197;0.8015901;17.10695;14:12:00.40;13/10/22;True;4701.9800;00815.2988;4.55592
255;198;-2.561117;17.94442;14:12:00.60;13/10/22;True;4701.9802;00815.2987;4.98188
256;200;-0.4313132;17.76044;14:12:00.80;13/10/22;True;4701.9803;00815.2986;5.01892
257;203;-4.115093;19.31782;14:12:01.00;13/10/22;True;4701.9805;00815.2985;4.96336
258;198;-5.664297;20.87653;14:12:01.20;13/10/22;True;4701.9806;00815.2984;4.83372
259;199;-4.528834;20.61574;14:12:01.40;13/10/22;True;4701.9807;00815.2983;4.75964
260;200;-4.255288;20.16867;14:12:01.60;13/10/22;True;4701.9809;00815.2981;4.42628
261;201;-1.749218;19.81187;14:12:01.80;13/10/22;True;4701.9810;00815.2980;4.37072
262;204;-0.4756704;18.6738;14:12:02.00;13/10/22;True;4701.9811;00815.2979;4.03736
263;197;-3.004277;20.61063;14:12:02.20;13/10/22;True;4701.9812;00815.2978;4.0744
264;197;0.7970905;19.70897;14:12:02.40;13/10/22;True;4701.9813;00815.2977;4.09292
265;202;-1.662333;17.9781;14:12:02.60;13/10/22;True;4701.9814;00815.2976;4.03736
266;199;0.3376144;17.78452;14:12:02.80;13/10/22;True;4701.9815;00815.2975;3.64844
267;201;1.528272;15.53216;14:12:03.00;13/10/22;True;4701.9816;00815.2974;3.6114
268;199;-3.276631;19.60253;14:12:03.20;13/10/22;True;4701.9816;00815.2973;3.55584
269;201;-3.477357;19.39031;14:12:03.40;13/10/22;True;4701.9817;00815.2972;3.57436
270;198;-6.332806;17.69872;14:12:03.60;13/10/22;True;4701.9818;00815.2971;3.59288
271;200;-5.569679;19.84526;14:12:03.80;13/10/22;True;4701.9819;00815.2970;3.62992
272;200;-2.651936;17.63406;14:12:04.00;13/10/22;True;4701.9821;00815.2969;4.14848
273;202;-9.514544;20.88795;14:12:04.20;13/10/22;True;4701.9822;00815.2968;4.20404
274;200;-7.517426;19.06982;14:12:04.40;13/10/22;True;4701.9823;00815.2967;4.24108
275;198;-8.302486;15.26719;14:12:04.60;13/10/22;True;4701.9824;00815.2966;3.92624
276;201;-6.195515;17.2703;14:12:04.80;13/10/22;True;4701.9825;00815.2965;3.8892
277;204;-4.384707;17.8417;14:12:05.00;13/10/22;True;4701.9825;00815.2967;3.85216
278;199;-7.510947;19.81389;14:12:05.20;13/10/22;True;4701.9826;00815.2966;3.8892
279;199;-8.998055;19.35102;14:12:05.40;13/10/22;True;4701.9827;00815.2964;3.92624
280;199;-8.257025;17.35952;14:12:05.60;13/10/22;True;4701.9828;00815.2963;4.03736
281;201;-5.10815;17.69375;14:12:05.80;13/10/22;True;4701.9830;00815.2961;4.57444
282;202;-3.841212;17.28204;14:12:06.00;13/10/22;True;4701.9831;00815.2960;4.64852
283;202;-6.542397;18.39733;14:12:06.20;13/10/22;True;4701.9833;00815.2958;4.61148
284;194;-5.784847;17.0116;14:12:06.40;13/10/22;True;4701.9834;00815.2957;4.5374
285;200;-6.897511;14.34361;14:12:06.60;13/10/22;True;4701.9836;00815.2955;4.46332
286;200;-5.04502;15.7204;14:12:06.80;13/10/22;True;4701.9837;00815.2954;4.33368
287;202;-4.222789;17.0114;14:12:07.00;13/10/22;True;4701.9838;00815.2952;4.27812
288;200;-8.352921;16.33025;14:12:07.20;13/10/22;True;4701.9839;00815.2951;4.27812
289;198;-9.369099;14.30527;14:12:07.40;13/10/22;True;4701.9839;00815.2949;4.31516
290;202;-12.60717;11.89442;14:12:07.60;13/10/22;True;4701.9840;00815.2947;4.7226
291;199;-7.91903;14.89311;14:12:07.80;13/10/22;True;4701.9841;00815.2945;4.74112
292;200;-6.368287;16.42913;14:12:08.00;13/10/22;True;4701.9842;00815.2943;4.8152
293;202;-9.247498;17.35452;14:12:08.20;13/10/22;True;4701.9843;00815.2941;4.87076
294;199;-7.862527;15.44689;14:12:08.40;13/10/22;True;4701.9844;00815.2939;4.87076
295;201;-9.338054;12.12044;14:12:08.60;13/10/22;True;4701.9845;00815.2938;4.77816
296;198;-7.274963;12.98785;14:12:08.80;13/10/22;True;4701.9846;00815.2936;4.77816
297;205;-6.502202;13.32812;14:12:09.00;13/10/22;True;4701.9847;00815.2934;4.7226
298;197;-7.168923;15.7899;14:12:09.20;13/10/22;True;4701.9848;00815.2931;4.66704
299;196;-6.308979;14.89292;14:12:09.40;13/10/22;True;4701.9849;00815.2929;4.61148
300;200;-9.589882;13.05863;14:12:09.60;13/10/22;True;4701.9849;00815.2927;4.29664
301;198;-7.609068;15.61065;14:12:09.80;13/10/22;True;4701.9849;00815.2925;4.33368
302;204;-4.838562;15.0284;14:12:10.00;13/10/22;True;4701.9849;00815.2923;4.64852
303;201;-8.092289;17.72212;14:12:10.20;13/10/22;True;4701.9848;00815.2920;4.75964
304;197;-9.163067;17.70641;14:12:10.40;13/10/22;True;4701.9848;00815.2918;4.79668
305;205;-9.950516;14.69374;14:12:10.60;13/10/22;True;4701.9847;00815.2915;4.75964
306;198;-6.329087;15.16829;14:12:10.80;13/10/22;True;4701.9846;00815.2913;4.8152
307;202;-2.462939;13.04916;14:12:11.00;13/10/22;True;4701.9845;00815.2910;5.1856
308;197;-6.473645;14.20531;14:12:11.20;13/10/22;True;4701.9844;00815.2907;5.13004
309;199;-8.944922;15.69351;14:12:11.40;13/10/22;True;4701.9843;00815.2905;5.07448
310;201;-7.661204;15.47416;14:12:11.60;13/10/22;True;4701.9843;00815.2903;5.01892
311;200;-13.33007;15.04282;14:12:11.80;13/10/22;True;4701.9842;00815.2900;4.88928
312;203;-9.385555;13.83608;14:12:12.00;13/10/22;True;4701.9842;00815.2898;4.87076
313;199;-9.273435;15.7344;14:12:12.20;13/10/22;True;4701.9842;00815.2896;4.75964
314;198;-13.74964;16.20756;14:12:12.40;13/10/22;True;4701.9841;00815.2893;4.68556
315;199;-12.96698;15.49409;14:12:12.60;13/10/22;True;4701.9840;00815.2891;4.63
316;201;-16.0909;11.96787;14:12:12.80;13/10/22;True;4701.9840;00815.2889;4.61148
317;205;-11.20178;13.25778;14:12:13.00;13/10/22;True;4701.9839;00815.2887;4.57444
318;195;-8.767291;15.88777;14:12:13.20;13/10/22;True;4701.9838;00815.2884;4.59296
319;201;-10.17456;16.20287;14:12:13.40;13/10/22;True;4701.9838;00815.2882;4.59296
320;200;-7.963769;14.99815;14:12:13.60;13/10/22;True;4701.9838;00815.2880;4.5374
321;201;-7.716384;12.08583;14:12:13.80;13/10/22;True;4701.9839;00815.2878;4.20404
322;202;-5.841116;14.17253;14:12:14.00;13/10/22;True;4701.9838;00815.2876;4.27812
323;198;-3.732579;17.67881;14:12:14.20;13/10/22;True;4701.9837;00815.2874;4.33368
324;199;-9.091196;19.88771;14:12:14.40;13/10/22;True;4701.9837;00815.2872;4.40776
325;199;-8.530668;19.75384;14:12:14.60;13/10/22;True;4701.9837;00815.2871;4.42628
326;200;-9.7775;17.37289;14:12:14.80;13/10/22;True;4701.9836;00815.2869;4.31516
327;200;-8.329426;20.20399;14:12:15.00;13/10/22;True;4701.9836;00815.2867;4.31516
328;200;-5.134379;18.84137;14:12:15.20;13/10/22;True;4701.9834;00815.2865;4.79668
329;201;-9.510886;20.13747;14:12:15.40;13/10/22;True;4701.9833;00815.2863;4.88928
330;198;-12.78825;20.3274;14:12:15.60;13/10/22;True;4701.9832;00815.2861;5.38932
331;202;-12.47142;21.22256;14:12:15.80;13/10/22;True;4701.9830;00815.2859;5.48192
332;201;-9.74458;21.64172;14:12:16.00;13/10/22;True;4701.9828;00815.2858;5.40784
333;199;-5.458409;18.92354;14:12:16.20;13/10/22;True;4701.9824;00815.2855;5.33376
334;197;-8.269977;20.88546;14:12:16.40;13/10/22;True;4701.9823;00815.2854;4.77816
335;201;-11.61998;21.97049;14:12:16.60;13/10/22;True;4701.9822;00815.2852;4.46332
336;200;-10.62889;21.65656;14:12:16.80;13/10/22;True;4701.9821;00815.2850;4.51888
337;205;-13.53894;19.73369;14:12:17.00;13/10/22;True;4701.9819;00815.2848;4.57444
338;196;-9.636745;17.55876;14:12:17.20;13/10/22;True;4701.9818;00815.2846;4.63
339;200;-8.587696;18.71653;14:12:17.40;13/10/22;True;4701.9817;00815.2843;4.70408
340;201;-10.41399;19.24774;14:12:17.60;13/10/22;True;4701.9815;00815.2841;4.66704
341;200;-12.3889;18.97504;14:12:17.80;13/10/22;True;4701.9814;00815.2839;4.7226
342;202;-12.77521;15.32478;14:12:18.00;13/10/22;True;4701.9813;00815.2837;4.3522
343;199;-7.867373;18.12098;14:12:18.20;13/10/22;True;4701.9812;00815.2835;4.29664
344;198;-6.010336;20.49459;14:12:18.40;13/10/22;True;4701.9810;00815.2833;3.87068
345;198;-9.029985;20.79638;14:12:18.60;13/10/22;True;4701.9809;00815.2831;3.87068
346;201;-7.105593;20.25749;14:12:18.80;13/10/22;True;4701.9808;00815.2830;3.7966
347;201;-7.415403;20.6534;14:12:19.00;13/10/22;True;4701.9807;00815.2828;3.68548
348;200;-7.545033;21.01497;14:12:19.20;13/10/22;True;4701.9806;00815.2828;3.6114
349;200;-6.856592;20.61689;14:12:19.40;13/10/22;True;4701.9805;00815.2827;3.48176
350;198;-11.63005;23.31594;14:12:19.60;13/10/22;True;4701.9804;00815.2826;3.4262
351;198;-10.17741;23.50425;14:12:19.80;13/10/22;True;4701.9802;00815.2825;3.4262
352;206;-10.35097;21.15551;14:12:20.00;13/10/22;True;4701.9801;00815.2824;4.01884
353;200;-7.292495;22.19273;14:12:20.20;13/10/22;True;4701.9800;00815.2822;4.55592
354;198;-5.15364;21.45138;14:12:20.40;13/10/22;True;4701.9799;00815.2821;4.9078
355;201;-11.47775;21.37146;14:12:20.60;13/10/22;True;4701.9797;00815.2820;5.0004
356;199;-13.73994;19.63949;14:12:20.80;13/10/22;True;4701.9797;00815.2818;4.92632
357;200;-12.10235;18.52923;14:12:21.00;13/10/22;True;4701.9796;00815.2817;4.85224
358;200;-10.66272;20.80913;14:12:21.20;13/10/22;True;4701.9795;00815.2816;4.74112
359;203;-7.523483;19.24072;14:12:21.40;13/10/22;True;4701.9794;00815.2815;4.66704
360;198;-12.39074;19.32361;14:12:21.60;13/10/22;True;4701.9793;00815.2814;4.63
361;199;-15.13138;19.3735;14:12:21.80;13/10/22;True;4701.9792;00815.2812;5.20412
362;202;-13.30402;18.36033;14:12:22.00;13/10/22;True;4701.9791;00815.2810;5.2782
363;200;-14.70308;19.10048;14:12:22.20;13/10/22;True;4701.9790;00815.2809;5.38932
364;197;-9.981118;18.01562;14:12:22.40;13/10/22;True;4701.9788;00815.2807;5.40784
365;201;-14.59372;17.26178;14:12:22.60;13/10/22;True;4701.9787;00815.2806;5.093
366;200;-17.41785;18.88725;14:12:22.80;13/10/22;True;4701.9786;00815.2804;4.59296
367;204;-14.81721;17.59501;14:12:23.00;13/10/22;True;4701.9785;00815.2803;4.46332
368;199;-16.55043;15.43283;14:12:23.20;13/10/22;True;4701.9784;00815.2801;4.38924
369;199;-11.38871;13.80769;14:12:23.40;13/10/22;True;4701.9782;00815.2800;4.3522
370;199;-9.840874;14.3183;14:12:23.60;13/10/22;True;4701.9781;00815.2798;4.37072
371;199;-11.44941;17.73377;14:12:23.80;13/10/22;True;4701.9780;00815.2797;4.3522
372;205;-11.08752;18.41725;14:12:24.00;13/10/22;True;4701.9779;00815.2796;4.29664
373;198;-11.08558;14.9805;14:12:24.20;13/10/22;True;4701.9777;00815.2795;4.33368
374;195;-6.086576;16.32305;14:12:24.40;13/10/22;True;4701.9776;00815.2794;4.61148
375;202;-5.485235;18.15181;14:12:24.60;13/10/22;True;4701.9774;00815.2792;4.61148
376;198;-9.275541;20.81873;14:12:24.80;13/10/22;True;4701.9773;00815.2792;4.59296
377;205;-8.072177;19.7597;14:12:25.00;13/10/22;True;4701.9771;00815.2791;4.70408
378;198;-6.396789;17.97703;14:12:25.20;13/10/22;True;4701.9770;00815.2790;4.77816
379;198;-5.089358;18.84057;14:12:25.40;13/10/22;True;4701.9768;00815.2789;4.87076
380;202;-4.522876;21.08337;14:12:25.60;13/10/22;True;4701.9766;00815.2788;4.94484
381;198;-9.787755;25.12623;14:12:25.80;13/10/22;True;4701.9765;00815.2788;4.92632
382;200;-12.04999;24.29275;14:12:26.00;13/10/22;True;4701.9764;00815.2787;4.57444
383;201;-9.638026;21.12149;14:12:26.20;13/10/22;True;4701.9763;00815.2786;3.9818
384;201;-5.993396;21.25775;14:12:26.40;13/10/22;True;4701.9762;00815.2783;4.0744
385;197;-4.19926;19.83613;14:12:26.60;13/10/22;True;4701.9760;00815.2780;4.5374
386;202;-7.267325;22.01807;14:12:26.80;13/10/22;True;4701.9758;00815.2778;4.61148
387;205;-11.07516;22.22539;14:12:27.00;13/10/22;True;4701.9757;00815.2776;4.7226
388;196;-9.567932;20.80816;14:12:27.20;13/10/22;True;4701.9755;00815.2774;5.01892
389;200;-9.488974;21.35712;14:12:27.40;13/10/22;True;4701.9752;00815.2770;5.07448
390;199;-5.911808;20.01601;14:12:27.60;13/10/22;True;4701.9751;00815.2769;5.093
391;201;-8.886001;20.06397;14:12:27.80;13/10/22;True;4701.9749;00815.2767;5.16708
392;203;-14.69729;20.6934;14:12:28.00;13/10/22;True;4701.9748;00815.2767;5.07448
393;197;-13.17913;21.08543;14:12:28.20;13/10/22;True;4701.9747;00815.2766;4.7226
394;198;-16.5297;20.0103;14:12:28.40;13/10/22;True;4701.9745;00815.2766;4.70408
395;199;-10.51643;20.33047;14:12:28.60;13/10/22;True;4701.9744;00815.2765;4.74112
396;203;-10.03059;21.10942;14:12:28.80;13/10/22;True;4701.9742;00815.2765;4.64852
397;203;-12.67838;22.83621;14:12:29.00;13/10/22;True;4701.9741;00815.2764;4.59296
398;197;-11.13959;22.63907;14:12:29.20;13/10/22;True;4701.9739;00815.2764;4.4448
399;197;-10.49484;19.88648;14:12:29.40;13/10/22;True;4701.9738;00815.2763;4.37072
400;201;-4.275615;21.28062;14:12:29.60;13/10/22;True;4701.9737;00815.2763;4.24108
401;202;-0.3583529;24.36039;14:12:29.80;13/10/22;True;4701.9736;00815.2762;4.20404
402;203;-3.799059;24.36694;14:12:30.00;13/10/22;True;4701.9734;00815.2760;4.22256
403;198;-3.954914;23.77069;14:12:30.20;13/10/22;True;4701.9733;00815.2759;4.2596
404;196;-3.949521;19.79079;14:12:30.40;13/10/22;True;4701.9732;00815.2758;4.29664
405;202;-3.075579;22.19298;14:12:30.60;13/10/22;True;4701.9731;00815.2758;4.27812
406;197;-2.831053;21.1972;14:12:30.80;13/10/22;True;4701.9729;00815.2757;4.20404
407;209;-7.555059;24.17547;14:12:31.00;13/10/22;True;4701.9728;00815.2757;4.11144
408;194;-6.935036;24.05756;14:12:31.20;13/10/22;True;4701.9727;00815.2756;4.00032
409;202;-6.050147;20.91509;14:12:31.40;13/10/22;True;4701.9725;00815.2755;3.9818
410;199;-4.400402;22.88369;14:12:31.60;13/10/22;True;4701.9724;00815.2754;4.01884
411;199;-2.29349;20.43621;14:12:31.80;13/10/22;True;4701.9722;00815.2753;4.09292
412;201;-5.123628;21.77326;14:12:32.00;13/10/22;True;4701.9721;00815.2751;4.4448
413;198;-7.072278;23.84906;14:12:32.20;13/10/22;True;4701.9720;00815.2751;4.37072
414;201;-5.304929;24.09864;14:12:32.40;13/10/22;True;4701.9718;00815.2750;3.9818
415;200;-3.888144;23.65527;14:12:32.60;13/10/22;True;4701.9717;00815.2750;3.87068
416;199;0.8656813;21.52897;14:12:32.80;13/10/22;True;4701.9716;00815.2749;3.92624
417;201;-2.13938;20.91279;14:12:33.00;13/10/22;True;4701.9715;00815.2749;3.92624
418;200;-6.000762;22.54258;14:12:33.20;13/10/22;True;4701.9714;00815.2748;3.9818
419;201;-4.696718;22.79068;14:12:33.40;13/10/22;True;4701.9713;00815.2747;3.96328
420;201;-9.879821;22.13834;14:12:33.60;13/10/22;True;4701.9711;00815.2746;4.00032
421;198;-3.426853;21.07047;14:12:33.80;13/10/22;True;4701.9710;00815.2745;4.05588
422;205;-5.777996;23.60977;14:12:34.00;13/10/22;True;4701.9709;00815.2744;4.12996
423;196;-7.775917;23.75978;14:12:34.20;13/10/22;True;4701.9708;00815.2742;4.22256
424;198;-6.133986;24.48628;14:12:34.40;13/10/22;True;4701.9706;00815.2741;4.3522
425;205;-6.26777;21.10565;14:12:34.60;13/10/22;True;4701.9704;00815.2740;4.64852
426;196;-2.839467;20.95513;14:12:34.80;13/10/22;True;4701.9703;00815.2739;5.03744
427;205;-1.29973;22.35481;14:12:35.00;13/10/22;True;4701.9701;00815.2737;5.093
428;195;-1.297607;23.93715;14:12:35.20;13/10/22;True;4701.9700;00815.2736;5.16708
429;200;-0.8669515;23.06821;14:12:35.40;13/10/22;True;4701.9698;00815.2734;5.59304
430;201;-0.9553495;17.99484;14:12:35.60;13/10/22;True;4701.9697;00815.2734;5.57452
431;198;2.093768;19.24712;14:12:35.80;13/10/22;True;4701.9695;00815.2734;5.48192
432;206;3.917216;20.78984;14:12:36.00;13/10/22;True;4701.9693;00815.2733;5.4634
433;199;0.2475794;23.79198;14:12:36.20;13/10/22;True;4701.9691;00815.2732;5.51896
434;197;-0.9305108;23.99749;14:12:36.40;13/10/22;True;4701.9690;00815.2731;5.48192
435;198;-0.007712626;22.60039;14:12:36.60;13/10/22;True;4701.9689;00815.2730;5.40784
436;200;2.63115;22.76803;14:12:36.80;13/10/22;True;4701.9687;00815.2729;4.88928
437;201;3.20679;22.66611;14:12:37.00;13/10/22;True;4701.9686;00815.2728;4.88928
438;201;-1.440729;24.71071;14:12:37.20;13/10/22;True;4701.9685;00815.2727;4.8152
439;198;-3.064893;25.91114;14:12:37.40;13/10/22;True;4701.9685;00815.2725;4.50036
440;201;-1.912236;23.91026;14:12:37.60;13/10/22;True;4701.9684;00815.2723;4.4448
441;201;-1.527939;22.933;14:12:37.80;13/10/22;True;4701.9683;00815.2722;4.09292
442;202;1.66192;22.85291;14:12:38.00;13/10/22;True;4701.9682;00815.2720;4.0744
443;198;-0.4515855;25.16165;14:12:38.20;13/10/22;True;4701.9681;00815.2718;4.0744
444;198;-4.80069;25.42171;14:12:38.40;13/10/22;True;4701.9680;00815.2716;4.05588
445;200;-4.171941;25.39622;14:12:38.60;13/10/22;True;4701.9679;00815.2715;4.01884
446;199;-8.739089;22.22828;14:12:38.80;13/10/22;True;4701.9677;00815.2713;3.94476
447;204;-2.215171;22.04883;14:12:39.00;13/10/22;True;4701.9676;00815.2712;3.8892
448;199;-2.316393;23.69661;14:12:39.20;13/10/22;True;4701.9675;00815.2711;3.92624
449;199;-4.012537;23.83697;14:12:39.40;13/10/22;True;4701.9674;00815.2709;3.92624
450;203;-3.547783;23.07168;14:12:39.60;13/10/22;True;4701.9673;00815.2707;3.9818
451;197;-4.680294;18.29126;14:12:39.80;13/10/22;True;4701.9672;00815.2705;4.05588
452;201;-1.363226;20.06026;14:12:40.00;13/10/22;True;4701.9671;00815.2703;4.12996
453;199;1.724177;21.34219;14:12:40.20;13/10/22;True;4701.9670;00815.2702;4.20404
454;200;-4.546442;24.42;14:12:40.40;13/10/22;True;4701.9668;00815.2700;4.27812
455;200;-6.079721;23.766;14:12:40.60;13/10/22;True;4701.9667;00815.2698;4.33368
456;199;-6.306902;21.98957;14:12:40.80;13/10/22;True;4701.9666;00815.2695;4.40776
457;202;-2.457227;22.92284;14:12:41.00;13/10/22;True;4701.9665;00815.2693;4.48184
458;200;-0.3709972;23.0981;14:12:41.20;13/10/22;True;4701.9664;00815.2692;4.5374
459;197;-3.303764;24.15596;14:12:41.40;13/10/22;True;4701.9663;00815.2690;4.64852
460;201;-6.080323;24.77131;14:12:41.60;13/10/22;True;4701.9662;00815.2688;4.7226
461;203;-5.129051;24.58516;14:12:41.80;13/10/22;True;4701.9661;00815.2686;4.77816
462;202;-8.603517;23.85962;14:12:42.00;13/10/22;True;4701.9659;00815.2684;4.83372
463;202;-4.925633;23.69555;14:12:42.20;13/10/22;True;4701.9658;00815.2682;5.53748
464;194;-5.730594;25.47796;14:12:42.40;13/10/22;True;4701.9657;00815.2680;5.44488
465;202;-8.430307;25.07236;14:12:42.60;13/10/22;True;4701.9656;00815.2678;5.3708
466;201;-7.638294;24.97054;14:12:42.80;13/10/22;True;4701.9656;00815.2677;5.44488
467;201;-6.99329;23.78387;14:12:43.00;13/10/22;True;4701.9654;00815.2675;5.44488
468;196;-4.350151;23.38192;14:12:43.20;13/10/22;True;4701.9653;00815.2673;5.44488
469;199;-2.865377;24.41981;14:12:43.40;13/10/22;True;4701.9652;00815.2672;5.44488
470;201;-7.639556;26.62822;14:12:43.60;13/10/22;True;4701.9651;00815.2670;5.40784
471;198;-6.485497;26.68652;14:12:43.80;13/10/22;True;4701.9650;00815.2668;5.35228
472;204;-3.350397;25.17456;14:12:44.00;13/10/22;True;4701.9650;00815.2666;4.94484
473;200;-0.4173493;23.70538;14:12:44.20;13/10/22;True;4701.9649;00815.2664;4.92632
474;199;0.9860779;23.43755;14:12:44.40;13/10/22;True;4701.9648;00815.2662;4.57444
475;201;-1.522904;25.31016;14:12:44.60;13/10/22;True;4701.9647;00815.2660;4.46332
476;196;-5.606992;25.95081;14:12:44.80;13/10/22;True;4701.9646;00815.2659;4.33368
477;208;-5.197673;29.40175;14:12:45.00;13/10/22;True;4701.9645;00815.2657;4.31516
478;196;-7.259669;26.71494;14:12:45.20;13/10/22;True;4701.9644;00815.2655;4.37072
479;200;-2.963389;23.80508;14:12:45.40;13/10/22;True;4701.9643;00815.2653;4.50036
480;199;-2.002509;24.79084;14:12:45.60;13/10/22;True;4701.9642;00815.2651;4.87076
481;200;-4.353918;24.99562;14:12:45.80;13/10/22;True;4701.9641;00815.2649;4.87076
482;204;-4.003937;24.57948;14:12:46.00;13/10/22;True;4701.9639;00815.2647;4.88928
483;198;-3.529327;21.82503;14:12:46.20;13/10/22;True;4701.9638;00815.2646;4.92632
484;200;-2.190634;24.61864;14:12:46.40;13/10/22;True;4701.9637;00815.2644;4.85224
485;199;-0.7379585;26.10583;14:12:46.60;13/10/22;True;4701.9636;00815.2642;4.85224
486;202;-8.674821;27.87431;14:12:46.80;13/10/22;True;4701.9635;00815.2641;4.88928
487;197;-8.169353;26.05429;14:12:47.00;13/10/22;True;4701.9634;00815.2639;4.92632
488;199;-5.118144;24.0774;14:12:47.20;13/10/22;True;4701.9633;00815.2637;5.35228
489;201;-2.397911;24.45882;14:12:47.40;13/10/22;True;4701.9632;00815.2636;5.33376
490;198;0.7471804;22.04549;14:12:47.60;13/10/22;True;4701.9631;00815.2635;5.35228
491;199;-3.599626;22.34491;14:12:47.80;13/10/22;True;4701.9630;00815.2633;5.48192
492;203;-8.04836;23.17013;14:12:48.00;13/10/22;True;4701.9629;00815.2631;5.50044
493;204;-6.263667;25.26913;14:12:48.20;13/10/22;True;4701.9628;00815.2630;5.1856
494;194;-12.19366;23.1355;14:12:48.40;13/10/22;True;4701.9627;00815.2628;5.13004
495;201;-7.615578;22.56155;14:12:48.60;13/10/22;True;4701.9625;00815.2626;5.093
496;200;-6.384171;22.03824;14:12:48.80;13/10/22;True;4701.9624;00815.2625;5.11152
497;202;-6.251757;23.51436;14:12:49.00;13/10/22;True;4701.9623;00815.2624;5.1856
498;200;-4.658242;23.06395;14:12:49.20;13/10/22;True;4701.9622;00815.2622;5.1856
499;201;-4.165312;18.61951;14:12:49.40;13/10/22;True;4701.9621;00815.2621;4.8152
500;198;1.674605;18.71532;14:12:49.60;13/10/22;True;4701.9620;00815.2621;4.8152
501;200;1.687588;21.7714;14:12:49.80;13/10/22;True;4701.9619;00815.2620;4.88928
502;203;-5.459859;24.11216;14:12:50.00;13/10/22;True;4701.9618;00815.2619;5.01892
503;196;-4.362865;23.06903;14:12:50.20;13/10/22;True;4701.9616;00815.2618;5.14856
504;199;-4.587016;19.73661;14:12:50.40;13/10/22;True;4701.9615;00815.2617;5.22264
505;202;-3.684987;21.24135;14:12:50.60;13/10/22;True;4701.9613;00815.2616;5.25968
506;198;-4.850367;23.42884;14:12:50.80;13/10/22;True;4701.9612;00815.2615;5.22264
507;202;-7.856682;26.13032;14:12:51.00;13/10/22;True;4701.9611;00815.2614;5.16708
508;199;-9.860146;26.7245;14:12:51.20;13/10/22;True;4701.9609;00815.2612;5.11152
509;200;-6.251989;25.46274;14:12:51.40;13/10/22;True;4701.9608;00815.2611;5.05596
510;201;-8.46685;23.94657;14:12:51.60;13/10/22;True;4701.9607;00815.2610;4.98188
511;198;-3.901407;23.30401;14:12:51.80;13/10/22;True;4701.9606;00815.2609;4.92632
512;205;-6.504313;25.02843;14:12:52.00;13/10/22;True;4701.9604;00815.2608;4.87076
513;197;-10.44637;25.62937;14:12:52.20;13/10/22;True;4701.9603;00815.2606;4.8152
514;199;-9.264967;26.61293;14:12:52.40;13/10/22;True;4701.9602;00815.2605;4.8152
515;200;-11.02795;22.87897;14:12:52.60;13/10/22;True;4701.9601;00815.2604;4.83372
516;203;-5.907781;24.07905;14:12:52.80;13/10/22;True;4701.9600;00815.2602;5.16708
517;202;-4.972831;25.85256;14:12:53.00;13/10/22;True;4701.9598;00815.2600;5.25968
518;196;-6.067328;27.36436;14:12:53.20;13/10/22;True;4701.9597;00815.2599;5.29672
519;199;-4.911583;26.30627;14:12:53.40;13/10/22;True;4701.9596;00815.2597;5.31524
520;202;-8.205873;23.15826;14:12:53.60;13/10/22;True;4701.9595;00815.2596;5.16708
521;199;-5.057256;25.13214;14:12:53.80;13/10/22;True;4701.9594;00815.2595;4.5374
522;200;-1.368793;25.90812;14:12:54.00;13/10/22;True;4701.9593;00815.2594;4.55592
523;202;-6.492202;30.28638;14:12:54.20;13/10/22;True;4701.9592;00815.2593;4.50036
524;196;-8.032351;29.1404;14:12:54.40;13/10/22;True;4701.9591;00815.2592;4.48184
525;201;-5.614285;27.55406;14:12:54.60;13/10/22;True;4701.9590;00815.2592;4.48184
526;202;-3.393896;25.45;14:12:54.80;13/10/22;True;4701.9588;00815.2591;4.5374
527;199;-1.422175;23.32577;14:12:55.00;13/10/22;True;4701.9587;00815.2590;4.9078
528;200;-4.298709;24.28031;14:12:55.20;13/10/22;True;4701.9586;00815.2589;4.9078
529;199;-7.619019;26.55032;14:12:55.40;13/10/22;True;4701.9585;00815.2588;4.77816
530;201;-6.384519;27.29485;14:12:55.60;13/10/22;True;4701.9584;00815.2587;4.27812
531;201;-10.91979;24.10531;14:12:55.80;13/10/22;True;4701.9584;00815.2585;3.50028
532;202;-7.055987;24.17573;14:12:56.00;13/10/22;True;4701.9583;00815.2584;3.53732
533;197;-5.869305;25.11698;14:12:56.20;13/10/22;True;4701.9582;00815.2583;3.59288
534;199;-7.454146;27.49516;14:12:56.40;13/10/22;True;4701.9581;00815.2581;4.18552
535;199;-6.518563;26.56503;14:12:56.60;13/10/22;True;4701.9580;00815.2579;4.68556
536;202;-5.381971;21.91588;14:12:56.80;13/10/22;True;4701.9579;00815.2577;4.70408
537;204;-1.397002;23.23581;14:12:57.00;13/10/22;True;4701.9578;00815.2575;4.64852
538;196;-0.9786221;26.2221;14:12:57.20;13/10/22;True;4701.9577;00815.2573;4.70408
539;199;-6.048726;29.90093;14:12:57.40;13/10/22;True;4701.9576;00815.2572;4.68556
540;201;-5.817008;28.34105;14:12:57.60;13/10/22;True;4701.9575;00815.2570;4.7226
541;201;-4.736313;25.29027;14:12:57.80;13/10/22;True;4701.9574;00815.2568;4.74112
542;199;-2.550661;26.80644;14:12:58.00;13/10/22;True;4701.9573;00815.2566;4.77816
543;200;-1.015013;26.48979;14:12:58.20;13/10/22;True;4701.9572;00815.2564;4.77816
544;199;-4.806661;28.88103;14:12:58.40;13/10/22;True;4701.9571;00815.2562;4.85224
545;200;-7.250072;28.68935;14:12:58.60;13/10/22;True;4701.9570;00815.2561;4.9078
546;200;-4.710131;28.06121;14:12:58.80;13/10/22;True;4701.9569;00815.2559;4.98188
547;202;-5.300703;25.67911;14:12:59.00;13/10/22;True;4701.9567;00815.2558;5.03744
548;199;-1.335916;24.15584;14:12:59.20;13/10/22;True;4701.9566;00815.2557;5.05596
549;203;-7.459313;26.79921;14:12:59.40;13/10/22;True;4701.9565;00815.2555;5.05596
550;199;-8.988244;28.38957;14:12:59.60;13/10/22;True;4701.9564;00815.2554;4.70408
551;197;-7.919821;29.83719;14:12:59.80;13/10/22;True;4701.9563;00815.2553;4.38924
552;205;-6.190734;24.77649;14:13:00.00;13/10/22;True;4701.9563;00815.2551;4.09292
553;198;-3.032293;24.89284;14:13:00.20;13/10/22;True;4701.9562;00815.2550;4.11144
554;199;-2.959409;25.74874;14:13:00.40;13/10/22;True;4701.9561;00815.2548;4.14848
555;200;-4.165556;28.37136;14:13:00.60;13/10/22;True;4701.9560;00815.2546;4.2596
556;202;-3.971709;28.49186;14:13:00.80;13/10/22;True;4701.9559;00815.2544;4.66704
557;198;-3.63206;25.16544;14:13:01.00;13/10/22;True;4701.9558;00815.2543;4.68556
558;199;-0.7570177;25.26044;14:13:01.20;13/10/22;True;4701.9557;00815.2541;4.74112
559;200;1.429187;28.03093;14:13:01.40;13/10/22;True;4701.9556;00815.2540;4.77816
560;201;-4.153461;29.59068;14:13:01.60;13/10/22;True;4701.9555;00815.2538;4.87076
561;201;-6.364416;29.6685;14:13:01.80;13/10/22;True;4701.9554;00815.2536;4.85224
562;201;-3.657756;27.42338;14:13:02.00;13/10/22;True;4701.9553;00815.2534;4.9078
563;198;-1.911492;26.50835;14:13:02.20;13/10/22;True;4701.9552;00815.2532;4.61148
564;201;0.5484461;23.48942;14:13:02.40;13/10/22;True;4701.9551;00815.2530;4.66704
565;197;-0.3135373;25.16145;14:13:02.60;13/10/22;True;4701.9550;00815.2528;5.13004
566;200;-4.827764;26.22577;14:13:02.80;13/10/22;True;4701.9549;00815.2526;5.13004
567;199;-4.160091;27.59983;14:13:03.00;13/10/22;True;4701.9548;00815.2525;5.0004
568;204;-7.973694;25.62465;14:13:03.20;13/10/22;True;4701.9547;00815.2523;4.5374
569;196;-4.399981;25.52573;14:13:03.40;13/10/22;True;4701.9546;00815.2522;4.42628
570;200;-2.781256;27.28622;14:13:03.60;13/10/22;True;4701.9545;00815.2520;4.55592
571;203;-5.926168;25.44888;14:13:03.80;13/10/22;True;4701.9544;00815.2518;4.59296
572;202;-4.786145;24.85397;14:13:04.00;13/10/22;True;4701.9543;00815.2516;4.18552
573;195;-5.575477;25.50042;14:13:04.20;13/10/22;True;4701.9542;00815.2515;3.53732
574;201;-4.610574;25.06549;14:13:04.40;13/10/22;True;4701.9542;00815.2514;3.5188
575;200;-1.765953;27.06496;14:13:04.60;13/10/22;True;4701.9541;00815.2513;3.62992
576;202;-8.036719;28.84694;14:13:04.80;13/10/22;True;4701.9540;00815.2511;3.74104
577;201;-8.90629;28.68872;14:13:05.00;13/10/22;True;4701.9539;00815.2510;3.64844
578;198;-7.01545;26.62103;14:13:05.20;13/10/22;True;4701.9539;00815.2509;3.59288
579;200;-3.61458;26.51099;14:13:05.40;13/10/22;True;4701.9538;00815.2508;3.6114
580;199;-0.2350571;25.05392;14:13:05.60;13/10/22;True;4701.9537;00815.2506;3.59288
581;200;-1.25945;25.43649;14:13:05.80;13/10/22;True;4701.9536;00815.2505;4.167
582;203;-6.369881;25.61009;14:13:06.00;13/10/22;True;4701.9535;00815.2503;4.22256
583;204;-5.768792;25.47813;14:13:06.20;13/10/22;True;4701.9534;00815.2502;4.24108
584;192;-7.891843;23.02759;14:13:06.40;13/10/22;True;4701.9533;00815.2501;4.29664
585;201;-2.042159;24.57283;14:13:06.60;13/10/22;True;4701.9531;00815.2499;4.4448
586;199;-0.1039803;27.17103;14:13:06.80;13/10/22;True;4701.9530;00815.2498;4.4448
587;205;-4.108971;29.90673;14:13:07.00;13/10/22;True;4701.9529;00815.2497;4.46332
588;199;-5.238448;28.4767;14:13:07.20;13/10/22;True;4701.9528;00815.2495;4.55592
589;198;-4.136534;25.46899;14:13:07.40;13/10/22;True;4701.9527;00815.2494;4.61148
590;201;-1.224577;26.60669;14:13:07.60;13/10/22;True;4701.9526;00815.2493;4.70408
591;199;2.215617;25.22542;14:13:07.80;13/10/22;True;4701.9525;00815.2491;4.8152
592;204;-5.22835;29.91183;14:13:08.00;13/10/22;True;4701.9524;00815.2490;4.87076
593;199;-5.48425;29.59664;14:13:08.20;13/10/22;True;4701.9523;00815.2488;4.55592
594;201;-4.368767;28.2635;14:13:08.40;13/10/22;True;4701.9522;00815.2487;4.50036
595;195;-4.394976;28.02688;14:13:08.60;13/10/22;True;4701.9521;00815.2485;4.38924
596;201;-0.8001787;25.53923;14:13:08.80;13/10/22;True;4701.9520;00815.2484;4.31516
597;203;-2.555339;26.99237;14:13:09.00;13/10/22;True;4701.9520;00815.2482;4.33368
598;197;-6.052921;27.75692;14:13:09.20;13/10/22;True;4701.9519;00815.2481;3.704
599;200;-7.876069;27.5245;14:13:09.40;13/10/22;True;4701.9519;00815.2479;3.72252
600;199;-6.917498;24.38849;14:13:09.60;13/10/22;True;4701.9518;00815.2478;3.75956
601;201;-2.199925;26.20996;14:13:09.80;13/10/22;True;4701.9517;00815.2476;3.81512
602;202;0.3831449;28.26382;14:13:10.00;13/10/22;True;4701.9516;00815.2475;3.8892
603;199;-5.161784;30.67199;14:13:10.20;13/10/22;True;4701.9515;00815.2473;4.20404
604;202;-5.704453;28.0888;14:13:10.40;13/10/22;True;4701.9514;00815.2471;4.2596
605;198;-1.826482;24.71942;14:13:10.60;13/10/22;True;4701.9513;00815.2470;4.22256
606;199;-2.857804;23.24029;14:13:10.80;13/10/22;True;4701.9512;00815.2469;4.167
607;204;-1.602053;23.29741;14:13:11.00;13/10/22;True;4701.9511;00815.2468;4.167
608;196;-4.261487;25.80357;14:13:11.20;13/10/22;True;4701.9510;00815.2467;4.12996
609;199;-6.297304;27.08761;14:13:11.40;13/10/22;True;4701.9509;00815.2465;4.12996
610;201;-5.508975;26.933;14:13:11.60;13/10/22;True;4701.9508;00815.2465;4.09292
611;202;-8.549274;25.16039;14:13:11.80;13/10/22;True;4701.9507;00815.2464;4.0744
612;198;-2.76249;22.62562;14:13:12.00;13/10/22;True;4701.9506;00815.2463;4.0744
613;199;-6.326973;24.30213;14:13:12.20;13/10/22;True;4701.9505;00815.2462;4.0744
614;202;-8.421119;26.22443;14:13:12.40;13/10/22;True;4701.9503;00815.2462;4.09292
615;199;-7.491884;25.98066;14:13:12.60;13/10/22;True;4701.9502;00815.2461;4.09292
616;199;-6.126625;22.3901;14:13:12.80;13/10/22;True;4701.9502;00815.2461;4.09292
617;203;-1.027401;23.05069;14:13:13.00;13/10/22;True;4701.9501;00815.2460;4.03736
618;198;-0.5886069;25.25818;14:13:13.20;13/10/22;True;4701.9500;00815.2459;3.9818
619;200;-6.331061;28.16982;14:13:13.40;13/10/22;True;4701.9499;00815.2458;3.92624
620;198;-7.198377;26.78018;14:13:13.60;13/10/22;True;4701.9497;00815.2458;3.8892
621;201;-6.325474;23.30389;14:13:13.80;13/10/22;True;4701.9496;00815.2457;3.87068
622;200;-3.064059;21.4443;14:13:14.00;13/10/22;True;4701.9495;00815.2456;4.2596
623;200;0.9902461;20.36051;14:13:14.20;13/10/22;True;4701.9494;00815.2455;4.31516
624;201;-8.66551;21.68295;14:13:14.40;13/10/22;True;4701.9493;00815.2454;4.37072
625;199;-10.99978;22.68702;14:13:14.60;13/10/22;True;4701.9492;00815.2453;4.0744
626;200;-8.477726;23.37184;14:13:14.80;13/10/22;True;4701.9491;00815.2451;4.00032
627;203;-12.36001;20.77529;14:13:15.00;13/10/22;True;4701.9490;00815.2450;3.8892
628;197;-8.435921;19.45805;14:13:15.20;13/10/22;True;4701.9489;00815.2448;3.9818
629;201;-10.34091;20.80486;14:13:15.40;13/10/22;True;4701.9488;00815.2446;4.31516
630;197;-12.73482;23.19987;14:13:15.60;13/10/22;True;4701.9487;00815.2445;4.27812
631;200;-11.30407;24.79172;14:13:15.80;13/10/22;True;4701.9485;00815.2444;4.3522
632;202;-11.56539;19.97661;14:13:16.00;13/10/22;True;4701.9484;00815.2443;4.68556
633;199;-6.976062;20.32499;14:13:16.20;13/10/22;True;4701.9483;00815.2442;4.75964
634;198;-5.499341;22.14489;14:13:16.40;13/10/22;True;4701.9481;00815.2441;4.85224
635;201;-7.317987;24.80595;14:13:16.60;13/10/22;True;4701.9480;00815.2441;5.33376
636;201;-7.867041;22.77827;14:13:16.80;13/10/22;True;4701.9478;00815.2441;5.29672
637;202;-8.011257;18.95847;14:13:17.00;13/10/22;True;4701.9477;00815.2440;5.25968
638;198;-4.547977;20.8375;14:13:17.20;13/10/22;True;4701.9476;00815.2439;5.35228
639;200;-3.681987;22.68628;14:13:17.40;13/10/22;True;4701.9474;00815.2438;5.44488
640;201;-9.327737;25.59042;14:13:17.60;13/10/22;True;4701.9473;00815.2436;5.57452
641;200;-10.38436;25.20875;14:13:17.80;13/10/22;True;4701.9472;00815.2435;5.59304
642;203;-7.746543;25.80894;14:13:18.00;13/10/22;True;4701.9471;00815.2433;5.61156
643;201;-6.671707;22.78624;14:13:18.20;13/10/22;True;4701.9470;00815.2431;5.13004
644;195;-4.453528;21.22135;14:13:18.40;13/10/22;True;4701.9468;00815.2429;5.13004
645;200;-8.523769;22.09649;14:13:18.60;13/10/22;True;4701.9467;00815.2427;5.01892
646;201;-10.58562;24.77298;14:13:18.80;13/10/22;True;4701.9467;00815.2426;4.22256
647;203;-9.176093;24.42832;14:13:19.00;13/10/22;True;4701.9467;00815.2425;3.37064
648;195;-10.81021;22.36983;14:13:19.20;13/10/22;True;4701.9466;00815.2424;3.40768
649;201;-5.209579;22.20201;14:13:19.40;13/10/22;True;4701.9465;00815.2423;3.83364
650;202;-7.066578;23.63084;14:13:19.60;13/10/22;True;4701.9463;00815.2421;4.46332
651;197;-7.731126;24.9714;14:13:19.80;13/10/22;True;4701.9462;00815.2419;4.55592
652;205;-7.806643;24.7198;14:13:20.00;13/10/22;True;4701.9461;00815.2418;4.57444
653;197;-7.462079;21.7602;14:13:20.20;13/10/22;True;4701.9460;00815.2416;4.5374
654;199;-3.685901;22.96163;14:13:20.40;13/10/22;True;4701.9459;00815.2415;4.5374
655;201;-3.652149;23.6334;14:13:20.60;13/10/22;True;4701.9458;00815.2413;4.50036
656;199;-8.092541;28.04998;14:13:20.80;13/10/22;True;4701.9457;00815.2411;4.48184
657;200;-9.139125;27.32877;14:13:21.00;13/10/22;True;4701.9456;00815.2410;3.94476
658;201;-9.48678;26.08258;14:13:21.20;13/10/22;True;4701.9455;00815.2409;3.81512
659;200;-5.733038;25.42837;14:13:21.40;13/10/22;True;4701.9454;00815.2408;3.704
660;200;-1.509905;24.3817;14:13:21.60;13/10/22;True;4701.9453;00815.2407;3.57436
661;198;-4.397682;25.29855;14:13:21.80;13/10/22;True;4701.9453;00815.2406;3.44472
662;202;-5.894832;25.86969;14:13:22.00;13/10/22;True;4701.9452;00815.2405;3.37064
663;200;-5.774379;27.11658;14:13:22.20;13/10/22;True;4701.9451;00815.2404;3.29656
664;198;-7.770502;23.81798;14:13:22.40;13/10/22;True;4701.9450;00815.2403;3.3336
665;202;-1.957136;23.56792;14:13:22.60;13/10/22;True;4701.9449;00815.2402;3.37064
666;199;-1.494062;26.62196;14:13:22.80;13/10/22;True;4701.9448;00815.2401;3.4262
667;204;-5.099133;29.04512;14:13:23.00;13/10/22;True;4701.9447;00815.2399;3.50028
668;199;-4.052672;27.11031;14:13:23.20;13/10/22;True;4701.9446;00815.2397;3.81512
669;197;-4.497933;23.61543;14:13:23.40;13/10/22;True;4701.9445;00815.2395;3.75956
670;200;-1.074723;24.16885;14:13:23.60;13/10/22;True;4701.9444;00815.2393;3.8892
671;201;0.2034333;24.23563;14:13:23.80;13/10/22;True;4701.9443;00815.2391;4.38924
672;201;-0.7129658;26.21563;14:13:24.00;13/10/22;True;4701.9442;00815.2389;4.46332
673;202;-6.092325;27.87761;14:13:24.20;13/10/22;True;4701.9441;00815.2387;4.5374
674;196;-4.741688;26.69859;14:13:24.40;13/10/22;True;4701.9440;00815.2385;4.48184
675;199;-8.750962;24.35781;14:13:24.60;13/10/22;True;4701.9439;00815.2383;4.48184
676;202;-6.352296;24.77182;14:13:24.80;13/10/22;True;4701.9438;00815.2382;4.5374
677;198;-8.140205;25.84191;14:13:25.00;13/10/22;True;4701.9436;00815.2380;4.59296
678;199;-11.03963;27.63831;14:13:25.20;13/10/22;True;4701.9435;00815.2378;4.64852
679;201;-15.03012;26.77525;14:13:25.40;13/10/22;True;4701.9434;00815.2377;4.7226
680;201;-15.37247;21.98523;14:13:25.60;13/10/22;True;4701.9433;00815.2376;4.7226
681;199;-11.11685;23.5424;14:13:25.80;13/10/22;True;4701.9432;00815.2376;4.66704
682;203;-10.99657;25.24919;14:13:26.00;13/10/22;True;4701.9429;00815.2377;5.20412
683;198;-20.7093;29.18011;14:13:26.20;13/10/22;True;4701.9427;00815.2377;5.79676
684;197;-21.83219;29.34417;14:13:26.40;13/10/22;True;4701.9425;00815.2377;5.79676
685;203;-22.12132;25.90309;14:13:26.60;13/10/22;True;4701.9424;00815.2377;5.40784
686;197;-22.20303;24.53247;14:13:26.80;13/10/22;True;4701.9423;00815.2377;5.31524
687;203;-19.72691;22.58048;14:13:27.00;13/10/22;True;4701.9421;00815.2376;5.77824
688;203;-21.63931;23.53263;14:13:27.20;13/10/22;True;4701.9419;00815.2376;5.8338
689;198;-22.18208;25.34223;14:13:27.40;13/10/22;True;4701.9417;00815.2375;5.75972
690;199;-24.50689;23.62425;14:13:27.60;13/10/22;True;4701.9416;00815.2375;5.13004
691;202;-22.18656;20.48877;14:13:27.80;13/10/22;True;4701.9415;00815.2375;4.51888
692;201;-24.68543;22.0698;14:13:28.00;13/10/22;True;4701.9414;00815.2375;4.167
693;198;-21.32277;19.57701;14:13:28.20;13/10/22;True;4701.9413;00815.2376;4.03736
694;199;-25.16912;22.34373;14:13:28.40;13/10/22;True;4701.9412;00815.2376;3.72252
695;201;-29.00971;22.98753;14:13:28.60;13/10/22;True;4701.9412;00815.2376;2.8706
696;199;-25.57769;22.41003;14:13:28.80;13/10/22;True;4701.9412;00815.2376;2.74096
697;204;-23.65721;22.73248;14:13:29.00;13/10/22;True;4701.9411;00815.2376;2.62984
698;197;-19.72824;22.5019;14:13:29.20;13/10/22;True;4701.9411;00815.2376;2.27796
699;199;-20.03841;24.74412;14:13:29.40;13/10/22;True;4701.9410;00815.2377;2.29648
700;200;-21.45392;24.97353;14:13:29.60;13/10/22;True;4701.9409;00815.2377;2.35204
701;201;-22.17668;22.9981;14:13:29.80;13/10/22;True;4701.9408;00815.2378;2.66688
702;203;-21.08077;19.94849;14:13:30.00;13/10/22;True;4701.9407;00815.2379;2.778
703;200;-18.9309;21.81814;14:13:30.20;13/10/22;True;4701.9405;00815.2380;3.1484
704;195;-19.1378;22.56064;14:13:30.40;13/10/22;True;4701.9403;00815.2380;3.22248
705;201;-25.80108;26.50069;14:13:30.60;13/10/22;True;4701.9402;00815.2382;3.35212
706;201;-29.23531;24.452;14:13:30.80;13/10/22;True;4701.9401;00815.2383;3.48176
707;204;-29.45717;23.7572;14:13:31.00;13/10/22;True;4701.9399;00815.2386;3.87068
708;198;-31.49789;22.98946;14:13:31.20;13/10/22;True;4701.9400;00815.2387;3.7966
709;196;-24.89942;21.26585;14:13:31.40;13/10/22;True;4701.9399;00815.2388;3.72252
710;199;-22.43106;22.93142;14:13:31.60;13/10/22;True;4701.9399;00815.2389;3.704
711;202;-21.89565;23.58623;14:13:31.80;13/10/22;True;4701.9398;00815.2390;3.704
712;197;-21.62619;20.49911;14:13:32.00;13/10/22;True;4701.9398;00815.2392;3.72252
713;204;-18.58346;17.68035;14:13:32.20;13/10/22;True;4701.9398;00815.2394;3.72252
714;196;-15.76779;18.80509;14:13:32.40;13/10/22;True;4701.9398;00815.2395;3.75956
715;204;-15.31393;20.21127;14:13:32.60;13/10/22;True;4701.9397;00815.2397;3.81512
716;198;-16.49115;22.14134;14:13:32.80;13/10/22;True;4701.9397;00815.2398;3.8892
717;205;-19.21502;21.19882;14:13:33.00;13/10/22;True;4701.9396;00815.2400;3.92624
718;195;-17.90811;20.3986;14:13:33.20;13/10/22;True;4701.9397;00815.2401;3.96328
719;200;-13.99326;17.57151;14:13:33.40;13/10/22;True;4701.9397;00815.2401;3.96328
720;199;-9.898826;18.23715;14:13:33.60;13/10/22;True;4701.9396;00815.2403;3.96328
721;201;-10.84435;20.10563;14:13:33.80;13/10/22;True;4701.9395;00815.2405;3.9818
722;203;-14.90075;22.90129;14:13:34.00;13/10/22;True;4701.9395;00815.2406;4.00032
723;198;-16.81925;22.1391;14:13:34.20;13/10/22;True;4701.9394;00815.2406;3.9818
724;199;-12.85589;17.44198;14:13:34.40;13/10/22;True;4701.9394;00815.2407;3.9818
725;198;-9.420298;18.81379;14:13:34.60;13/10/22;True;4701.9393;00815.2408;3.96328
726;201;-8.583318;20.46737;14:13:34.80;13/10/22;True;4701.9398;00815.2412;4.00032
727;206;-15.16138;24.05965;14:13:35.00;13/10/22;True;4701.9402;00815.2415;4.05588
728;199;-14.43353;19.8975;14:13:35.20;13/10/22;True;4701.9402;00815.2417;4.11144
729;196;-13.31078;12.59253;14:13:35.40;13/10/22;True;4701.9402;00815.2418;4.14848
730;201;-15.18793;12.74987;14:13:35.60;13/10/22;True;4701.9403;00815.2418;3.704
731;198;-16.9201;15.17321;14:13:35.80;13/10/22;True;4701.9403;00815.2420;3.77808
732;202;-22.02851;21.5692;14:13:36.00;13/10/22;True;4701.9403;00815.2421;3.87068
733;203;-30.32581;27.81235;14:13:36.20;13/10/22;True;4701.9403;00815.2422;3.50028
734;194;-33.19407;28.81503;14:13:36.40;13/10/22;True;4701.9403;00815.2423;3.09284
735;202;-29.48322;23.65002;14:13:36.60;13/10/22;True;4701.9403;00815.2424;2.66688
736;198;-27.77364;23.58304;14:13:36.80;13/10/22;True;4701.9404;00815.2425;2.53724
737;205;-26.44023;24.34101;14:13:37.00;13/10/22;True;4701.9404;00815.2425;2.44464
738;197;-27.14789;23.74167;14:13:37.20;13/10/22;True;4701.9405;00815.2426;2.4076
739;200;-28.54092;24.66048;14:13:37.40;13/10/22;True;4701.9406;00815.2427;2.4076
740;198;-22.56513;24.1971;14:13:37.60;13/10/22;True;4701.9407;00815.2428;2.778
741;201;-19.01108;24.08229;14:13:37.80;13/10/22;True;4701.9409;00815.2428;2.85208
742;200;-17.23933;24.43819;14:13:38.00;13/10/22;True;4701.9410;00815.2429;2.94468
743;201;-16.30293;26.57355;14:13:38.20;13/10/22;True;4701.9411;00815.2430;3.0558
744;199;-18.45729;26.98714;14:13:38.40;13/10/22;True;4701.9413;00815.2430;3.16692
745;199;-17.76527;25.87631;14:13:38.60;13/10/22;True;4701.9414;00815.2431;3.25952
746;199;-19.36962;22.119;14:13:38.80;13/10/22;True;4701.9415;00815.2431;3.37064
747;202;-14.72077;23.24335;14:13:39.00;13/10/22;True;4701.9417;00815.2431;3.44472
748;201;-13.52955;23.12367;14:13:39.20;13/10/22;True;4701.9418;00815.2432;3.50028
749;196;-14.89078;25.22335;14:13:39.40;13/10/22;True;4701.9419;00815.2433;3.59288
750;201;-15.61789;24.74618;14:13:39.60;13/10/22;True;4701.9420;00815.2433;3.6114
751;201;-12.52085;21.51865;14:13:39.80;13/10/22;True;4701.9421;00815.2434;3.64844
752;202;-10.27999;24.19954;14:13:40.00;13/10/22;True;4701.9423;00815.2435;3.75956
753;197;-8.341322;24.32111;14:13:40.20;13/10/22;True;4701.9423;00815.2436;3.81512
754;200;-8.007398;24.32519;14:13:40.40;13/10/22;True;4701.9423;00815.2437;3.7966
755;199;-9.273465;22.93278;14:13:40.60;13/10/22;True;4701.9423;00815.2438;3.75956
756;201;-7.01156;18.40965;14:13:40.80;13/10/22;True;4701.9424;00815.2439;3.77808
757;204;-5.801095;20.85286;14:13:41.00;13/10/22;True;4701.9424;00815.2440;3.74104
758;195;-3.846319;21.21949;14:13:41.20;13/10/22;True;4701.9424;00815.2442;3.68548
759;201;-9.772651;22.88906;14:13:41.40;13/10/22;True;4701.9425;00815.2443;3.68548
760;201;-11.13833;23.19427;14:13:41.60;13/10/22;True;4701.9426;00815.2444;3.704
761;200;-8.395035;20.68062;14:13:41.80;13/10/22;True;4701.9428;00815.2445;3.75956
762;201;-6.652932;21.13705;14:13:42.00;13/10/22;True;4701.9431;00815.2445;4.09292
763;202;-3.807238;21.24729;14:13:42.20;13/10/22;True;4701.9433;00815.2446;4.46332
764;196;-4.256923;22.24854;14:13:42.40;13/10/22;True;4701.9434;00815.2449;4.85224
765;200;-4.953422;22.81643;14:13:42.60;13/10/22;True;4701.9435;00815.2451;5.29672
766;202;-1.221411;22.19072;14:13:42.80;13/10/22;True;4701.9436;00815.2452;5.3708
767;198;-0.1374119;22.50907;14:13:43.00;13/10/22;True;4701.9438;00815.2453;5.48192
768;199;2.790097;21.96536;14:13:43.20;13/10/22;True;4701.9439;00815.2455;5.50044
769;201;4.309119;22.05172;14:13:43.40;13/10/22;True;4701.9440;00815.2456;5.53748
770;199;0.2783434;24.06967;14:13:43.60;13/10/22;True;4701.9441;00815.2457;5.53748
771;201;0.8544813;24.32414;14:13:43.80;13/10/22;True;4701.9442;00815.2459;5.53748
772;205;-4.079214;25.56018;14:13:44.00;13/10/22;True;4701.9443;00815.2460;5.48192
773;197;-0.6063421;24.82617;14:13:44.20;13/10/22;True;4701.9444;00815.2462;5.093
774;199;-1.349277;26.16545;14:13:44.40;13/10/22;True;4701.9445;00815.2463;4.68556
775;198;-6.942607;27.52381;14:13:44.60;13/10/22;True;4701.9445;00815.2464;4.63
776;200;-6.596357;26.52861;14:13:44.80;13/10/22;True;4701.9446;00815.2466;4.57444
777;203;-6.065625;23.74421;14:13:45.00;13/10/22;True;4701.9447;00815.2468;4.61148
778;199;-3.523386;24.31211;14:13:45.20;13/10/22;True;4701.9447;00815.2470;4.66704
779;197;-1.549424;25.27189;14:13:45.40;13/10/22;True;4701.9447;00815.2473;4.68556
780;202;-4.586219;24.91456;14:13:45.60;13/10/22;True;4701.9448;00815.2475;4.70408
781;200;-5.441144;23.14511;14:13:45.80;13/10/22;True;4701.9449;00815.2476;4.70408
782;202;-3.86508;20.43685;14:13:46.00;13/10/22;True;4701.9450;00815.2478;4.68556
783;197;-2.38301;22.60335;14:13:46.20;13/10/22;True;4701.9451;00815.2479;4.66704
784;200;-1.568101;24.87131;14:13:46.40;13/10/22;True;4701.9452;00815.2480;4.64852
785;202;-7.603268;25.97499;14:13:46.60;13/10/22;True;4701.9453;00815.2481;4.63
786;197;-7.128328;25.42113;14:13:46.80;13/10/22;True;4701.9454;00815.2482;4.61148
787;199;-4.696263;25.94973;14:13:47.00;13/10/22;True;4701.9455;00815.2483;4.57444
788;201;-2.509704;23.95632;14:13:47.20;13/10/22;True;4701.9456;00815.2484;4.50036
789;201;-1.732633;24.0475;14:13:47.40;13/10/22;True;4701.9457;00815.2485;4.42628
790;201;-2.466266;24.13453;14:13:47.60;13/10/22;True;4701.9457;00815.2487;4.0744
791;198;-5.834364;27.23555;14:13:47.80;13/10/22;True;4701.9458;00815.2488;4.09292
792;205;-4.498077;26.98114;14:13:48.00;13/10/22;True;4701.9458;00815.2489;4.12996
793;199;-6.009948;25.19068;14:13:48.20;13/10/22;True;4701.9459;00815.2491;4.14848
794;198;-2.068886;25.62878;14:13:48.40;13/10/22;True;4701.9460;00815.2492;4.167
795;198;-0.8251867;26.00566;14:13:48.60;13/10/22;True;4701.9461;00815.2494;4.22256
796;199;-1.624962;26.48224;14:13:48.80;13/10/22;True;4701.9461;00815.2496;4.18552
797;210;-4.416349;24.90504;14:13:49.00;13/10/22;True;4701.9462;00815.2497;4.167
798;192;-1.613393;22.42705;14:13:49.20;13/10/22;True;4701.9463;00815.2498;4.12996
799;201;0.3524302;23.1234;14:13:49.40;13/10/22;True;4701.9463;00815.2500;3.74104
800;197;0.007196575;24.93407;14:13:49.60;13/10/22;True;4701.9463;00815.2501;3.81512
801;200;-7.723246;27.61703;14:13:49.80;13/10/22;True;4701.9463;00815.2503;3.87068
802;206;-7.545646;27.13247;14:13:50.00;13/10/22;True;4701.9464;00815.2504;3.96328
803;200;-5.56696;25.8027;14:13:50.20;13/10/22;True;4701.9465;00815.2505;3.94476
804;198;-1.320137;25.24415;14:13:50.40;13/10/22;True;4701.9466;00815.2506;3.87068
805;199;3.921651;24.74517;14:13:50.60;13/10/22;True;4701.9466;00815.2507;3.83364
806;201;3.922357;24.94743;14:13:50.80;13/10/22;True;4701.9467;00815.2508;3.74104
807;206;2.056251;26.31908;14:13:51.00;13/10/22;True;4701.9467;00815.2509;3.68548
808;194;2.797115;26.92913;14:13:51.20;13/10/22;True;4701.9468;00815.2510;3.72252
809;200;5.576662;22.24344;14:13:51.40;13/10/22;True;4701.9469;00815.2512;4.14848
810;200;10.79276;22.69803;14:13:51.60;13/10/22;True;4701.9469;00815.2514;4.20404
811;200;9.39592;25.07022;14:13:51.80;13/10/22;True;4701.9470;00815.2516;4.57444
812;204;10.45745;27.04952;14:13:52.00;13/10/22;True;4701.9470;00815.2518;4.87076
813;198;11.10396;26.25099;14:13:52.20;13/10/22;True;4701.9471;00815.2520;4.9078
814;196;14.53401;21.45959;14:13:52.40;13/10/22;True;4701.9471;00815.2523;4.98188
815;202;17.72369;24.43289;14:13:52.60;13/10/22;True;4701.9471;00815.2525;5.31524
816;199;17.49679;23.78535;14:13:52.80;13/10/22;True;4701.9469;00815.2528;5.22264
817;203;11.6439;25.59346;14:13:53.00;13/10/22;True;4701.9468;00815.2531;5.16708
818;201;12.13103;25.23309;14:13:53.20;13/10/22;True;4701.9468;00815.2534;5.11152
819;194;14.18902;25.14095;14:13:53.40;13/10/22;True;4701.9467;00815.2536;5.03744
820;204;16.98698;23.69612;14:13:53.60;13/10/22;True;4701.9467;00815.2538;4.94484
821;199;20.2477;23.47497;14:13:53.80;13/10/22;True;4701.9467;00815.2541;4.87076
822;200;18.72816;24.24135;14:13:54.00;13/10/22;True;4701.9467;00815.2543;4.75964
823;202;13.22083;25.27259;14:13:54.20;13/10/22;True;4701.9466;00815.2545;4.01884
824;197;13.12885;25.31145;14:13:54.40;13/10/22;True;4701.9465;00815.2547;3.72252
825;201;9.303568;24.2591;14:13:54.60;13/10/22;True;4701.9463;00815.2549;3.62992
826;198;14.67082;25.58971;14:13:54.80;13/10/22;True;4701.9463;00815.2551;3.53732
827;203;15.5902;25.52364;14:13:55.00;13/10/22;True;4701.9462;00815.2552;3.5188
828;197;14.16475;25.34102;14:13:55.20;13/10/22;True;4701.9461;00815.2555;3.87068
829;202;12.50098;22.89741;14:13:55.40;13/10/22;True;4701.9460;00815.2557;3.94476
830;201;10.51676;22.53288;14:13:55.60;13/10/22;True;4701.9459;00815.2561;4.46332
831;202;11.29801;24.22682;14:13:55.80;13/10/22;True;4701.9458;00815.2564;4.87076
832;203;11.94763;24.81863;14:13:56.00;13/10/22;True;4701.9456;00815.2567;5.16708
833;199;8.173652;24.44501;14:13:56.20;13/10/22;True;4701.9454;00815.2570;5.25968
834;200;7.256106;21.89151;14:13:56.40;13/10/22;True;4701.9453;00815.2573;5.6486
835;198;8.017138;21.82364;14:13:56.60;13/10/22;True;4701.9451;00815.2575;5.59304
836;200;8.024777;22.08808;14:13:56.80;13/10/22;True;4701.9449;00815.2576;5.57452
837;202;8.863407;22.00957;14:13:57.00;13/10/22;True;4701.9448;00815.2577;5.22264
838;198;5.025369;24.40432;14:13:57.20;13/10/22;True;4701.9447;00815.2579;5.13004
839;201;-0.4831645;23.9202;14:13:57.40;13/10/22;True;4701.9446;00815.2581;5.093
840;198;0.7128819;24.39313;14:13:57.60;13/10/22;True;4701.9444;00815.2582;5.07448
841;202;0.4308929;22.24193;14:13:57.80;13/10/22;True;4701.9443;00815.2584;5.11152
842;201;3.641372;22.46368;14:13:58.00;13/10/22;True;4701.9441;00815.2585;5.07448
843;199;2.306049;24.68626;14:13:58.20;13/10/22;True;4701.9440;00815.2587;5.13004
844;198;-2.329171;26.29695;14:13:58.40;13/10/22;True;4701.9438;00815.2590;5.53748
845;200;-2.982844;25.56791;14:13:58.60;13/10/22;True;4701.9437;00815.2591;5.59304
846;200;-0.7825677;21.51187;14:13:58.80;13/10/22;True;4701.9435;00815.2593;5.66712
847;204;3.15438;23.00016;14:13:59.00;13/10/22;True;4701.9433;00815.2596;6.33384
848;197;2.107275;24.75699;14:13:59.20;13/10/22;True;4701.9432;00815.2598;6.63016
849;201;3.118872;25.42763;14:13:59.40;13/10/22;True;4701.9430;00815.2601;6.945
850;201;4.87693;22.92413;14:13:59.60;13/10/22;True;4701.9429;00815.2603;7.01908
851;200;8.143632;24.59237;14:13:59.80;13/10/22;True;4701.9427;00815.2604;7.00056
852;201;7.537632;25.46458;14:14:00.00;13/10/22;True;4701.9426;00815.2606;6.92648
853;205;9.503965;25.32672;14:14:00.20;13/10/22;True;4701.9425;00815.2608;6.79684
854;196;4.612941;25.5103;14:14:00.40;13/10/22;True;4701.9426;00815.2606;6.09308
855;199;6.575064;24.10408;14:14:00.60;13/10/22;True;4701.9427;00815.2603;5.50044
856;201;6.156279;23.58527;14:14:00.80;13/10/22;True;4701.9427;00815.2601;5.4634
857;202;4.392858;26.73759;14:14:01.00;13/10/22;True;4701.9426;00815.2601;5.59304
858;199;6.20987;28.54288;14:14:01.20;13/10/22;True;4701.9426;00815.2601;5.57452
859;199;5.851307;28.81098;14:14:01.40;13/10/22;True;4701.9426;00815.2599;4.9078
860;201;4.626555;28.5092;14:14:01.60;13/10/22;True;4701.9426;00815.2598;4.88928
861;198;4.584671;26.4453;14:14:01.80;13/10/22;True;4701.9426;00815.2596;4.87076
862;205;0.3311004;25.0178;14:14:02.00;13/10/22;True;4701.9426;00815.2595;4.92632
863;195;1.958952;26.11435;14:14:02.20;13/10/22;True;4701.9426;00815.2593;4.96336
864;201;1.825493;25.89993;14:14:02.40;13/10/22;True;4701.9426;00815.2591;4.9078
865;201;1.464502;27.66281;14:14:02.60;13/10/22;True;4701.9426;00815.2590;4.9078
866;198;1.318995;25.67179;14:14:02.80;13/10/22;True;4701.9426;00815.2588;4.87076
867;206;2.282502;21.66052;14:14:03.00;13/10/22;True;4701.9425;00815.2587;4.83372
868;194;1.581672;23.00703;14:14:03.20;13/10/22;True;4701.9425;00815.2585;4.79668
869;201;5.95711;24.20386;14:14:03.40;13/10/22;True;4701.9424;00815.2585;4.79668
870;199;0.4685437;27.4383;14:14:03.60;13/10/22;True;4701.9424;00815.2585;4.83372
871;199;0.4722601;26.17461;14:14:03.80;13/10/22;True;4701.9424;00815.2585;4.88928
872;201;1.40363;24.38528;14:14:04.00;13/10/22;True;4701.9424;00815.2585;4.46332
873;200;2.97261;24.16149;14:14:04.20;13/10/22;True;4701.9424;00815.2585;4.09292
874;200;5.324996;25.16448;14:14:04.40;13/10/22;True;4701.9423;00815.2585;4.14848
875;200;-0.1099529;24.18681;14:14:04.60;13/10/22;True;4701.9423;00815.2585;3.81512
876;199;-1.104208;23.94952;14:14:04.80;13/10/22;True;4701.9422;00815.2585;3.83364
877;202;-0.645483;22.91507;14:14:05.00;13/10/22;True;4701.9422;00815.2585;3.87068
878;196;3.583383;21.49345;14:14:05.20;13/10/22;True;4701.9422;00815.2585;3.83364
879;200;4.938876;21.17364;14:14:05.40;13/10/22;True;4701.9422;00815.2585;3.46324
880;202;2.424698;22.13843;14:14:05.60;13/10/22;True;4701.9422;00815.2585;3.37064
881;202;-1.780949;23.75085;14:14:05.80;13/10/22;True;4701.9421;00815.2586;3.3336
882;201;-0.6320839;23.39145;14:14:06.00;13/10/22;True;4701.9421;00815.2586;3.35212
883;202;-7.51034;15.98296;14:14:06.20;13/10/22;True;4701.9421;00815.2586;3.22248
884;197;-5.258821;14.44512;14:14:06.40;13/10/22;True;4701.9420;00815.2586;3.18544
885;199;-5.085042;20.15622;14:14:06.60;13/10/22;True;4701.9420;00815.2587;3.20396
886;198;-6.392246;23.48758;14:14:06.80;13/10/22;True;4701.9418;00815.2587;3.68548
887;204;-5.800601;22.59462;14:14:07.00;13/10/22;True;4701.9417;00815.2587;4.03736
888;199;-5.290039;21.06719;14:14:07.20;13/10/22;True;4701.9417;00815.2588;4.14848
889;195;-2.741507;23.03679;14:14:07.40;13/10/22;True;4701.9417;00815.2590;4.51888
890;202;-0.7133138;25.04474;14:14:07.60;13/10/22;True;4701.9416;00815.2591;4.94484
891;199;-3.901417;26.48179;14:14:07.80;13/10/22;True;4701.9416;00815.2592;4.9078
892;203;-3.702235;24.95384;14:14:08.00;13/10/22;True;4701.9415;00815.2592;4.88928
893;198;-2.978731;23.67578;14:14:08.20;13/10/22;True;4701.9414;00815.2593;4.87076
894;199;1.521548;21.41324;14:14:08.40;13/10/22;True;4701.9413;00815.2595;4.96336
895;201;3.378037;21.59622;14:14:08.60;13/10/22;True;4701.9412;00815.2596;5.29672
896;201;-0.01905857;22.95959;14:14:08.80;13/10/22;True;4701.9410;00815.2597;5.75972
897;200;0.06427366;22.79398;14:14:09.00;13/10/22;True;4701.9407;00815.2597;5.87084
898;200;-0.1185543;24.52255;14:14:09.20;13/10/22;True;4701.9405;00815.2598;5.81528
899;198;-3.840493;21.13339;14:14:09.40;13/10/22;True;4701.9405;00815.2598;5.25968
900;199;0.7328334;22.77461;14:14:09.60;13/10/22;True;4701.9403;00815.2599;5.1856
901;202;-0.9158815;24.49877;14:14:09.80;13/10/22;True;4701.9402;00815.2599;5.093
902;201;1.378229;25.27222;14:14:10.00;13/10/22;True;4701.9401;00815.2599;5.0004
903;197;-0.5465049;24.26595;14:14:10.20;13/10/22;True;4701.9400;00815.2600;4.92632
904;201;0.3688529;21.4109;14:14:10.40;13/10/22;True;4701.9399;00815.2600;4.9078
905;199;5.04492;22.26195;14:14:10.60;13/10/22;True;4701.9398;00815.2601;4.85224
906;202;6.556278;24.2013;14:14:10.80;13/10/22;True;4701.9396;00815.2601;4.83372
907;199;2.12842;25.46888;14:14:11.00;13/10/22;True;4701.9394;00815.2600;4.83372
908;200;-2.147885;22.57536;14:14:11.20;13/10/22;True;4701.9393;00815.2600;4.79668
909;199;-3.823346;22.27815;14:14:11.40;13/10/22;True;4701.9392;00815.2600;4.7226
910;199;1.917961;22.66778;14:14:11.60;13/10/22;True;4701.9391;00815.2600;4.66704
911;198;2.953933;21.96818;14:14:11.80;13/10/22;True;4701.9390;00815.2601;4.63
912;206;-2.875655;24.45152;14:14:12.00;13/10/22;True;4701.9388;00815.2601;4.59296
913;201;-4.196971;24.64751;14:14:12.20;13/10/22;True;4701.9387;00815.2602;4.61148
914;194;-4.268725;26.01601;14:14:12.40;13/10/22;True;4701.9386;00815.2603;4.61148
915;199;-6.728512;22.85971;14:14:12.60;13/10/22;True;4701.9385;00815.2604;4.64852
916;202;-0.6430107;21.15386;14:14:12.80;13/10/22;True;4701.9383;00815.2604;4.64852
917;204;-1.70484;24.37507;14:14:13.00;13/10/22;True;4701.9382;00815.2605;4.61148
918;194;-3.41212;26.25275;14:14:13.20;13/10/22;True;4701.9382;00815.2605;4.5374
919;200;-1.49621;25.6266;14:14:13.40;13/10/22;True;4701.9381;00815.2607;4.48184
920;200;-3.771692;24.74378;14:14:13.60;13/10/22;True;4701.9380;00815.2608;4.4448
921;202;-0.4369586;24.24341;14:14:13.80;13/10/22;True;4701.9379;00815.2609;4.42628
922;202;5.084241;24.31626;14:14:14.00;13/10/22;True;4701.9378;00815.2610;4.4448
923;194;-3.606327;25.97254;14:14:14.20;13/10/22;True;4701.9378;00815.2612;4.4448
924;200;-7.693956;26.98246;14:14:14.40;13/10/22;True;4701.9379;00815.2612;4.00032
925;202;-9.018354;28.04899;14:14:14.60;13/10/22;True;4701.9379;00815.2613;3.55584
926;199;-12.51263;24.4425;14:14:14.80;13/10/22;True;4701.9378;00815.2613;3.57436
927;203;-7.219972;21.57905;14:14:15.00;13/10/22;True;4701.9378;00815.2614;3.53732
928;199;-9.336907;24.28371;14:14:15.20;13/10/22;True;4701.9378;00815.2615;3.48176
929;200;-13.58793;25.14021;14:14:15.40;13/10/22;True;4701.9377;00815.2616;3.44472
930;200;-14.73952;26.02988;14:14:15.60;13/10/22;True;4701.9377;00815.2616;3.0558
931;199;-17.48351;25.09875;14:14:15.80;13/10/22;True;4701.9377;00815.2618;3.01876
932;199;-14.85193;25.94321;14:14:16.00;13/10/22;True;4701.9377;00815.2618;2.92616
933;202;-11.38866;25.44138;14:14:16.20;13/10/22;True;4701.9377;00815.2618;2.53724
934;198;-20.06099;30.70665;14:14:16.40;13/10/22;True;4701.9377;00815.2619;2.5928
935;200;-17.87075;30.56905;14:14:16.60;13/10/22;True;4701.9376;00815.2620;2.5928
936;204;-16.40128;29.90795;14:14:16.80;13/10/22;True;4701.9376;00815.2620;2.66688
937;199;-16.23598;28.51113;14:14:17.00;13/10/22;True;4701.9374;00815.2622;3.1484
938;199;-11.95324;23.67056;14:14:17.20;13/10/22;True;4701.9373;00815.2624;3.66696
939;199;-6.190152;21.83114;14:14:17.40;13/10/22;True;4701.9371;00815.2625;4.31516
940;200;-12.64187;21.99818;14:14:17.60;13/10/22;True;4701.9368;00815.2625;4.64852
941;199;-13.56242;23.63365;14:14:17.80;13/10/22;True;4701.9368;00815.2625;4.51888
942;205;-16.47518;24.34336;14:14:18.00;13/10/22;True;4701.9368;00815.2625;4.14848
943;202;-17.70571;21.30594;14:14:18.20;13/10/22;True;4701.9367;00815.2625;4.0744
944;194;-14.20672;21.79293;14:14:18.40;13/10/22;True;4701.9366;00815.2624;4.01884
945;204;-19.85364;23.37799;14:14:18.60;13/10/22;True;4701.9365;00815.2625;4.09292
946;197;-21.36451;25.59859;14:14:18.80;13/10/22;True;4701.9364;00815.2626;4.42628
947;204;-22.40577;26.66663;14:14:19.00;13/10/22;True;4701.9363;00815.2627;4.42628
948;195;-22.10907;23.98274;14:14:19.20;13/10/22;True;4701.9363;00815.2627;4.0744
949;201;-19.12929;22.97076;14:14:19.40;13/10/22;True;4701.9362;00815.2627;4.00032
950;200;-19.99741;22.45551;14:14:19.60;13/10/22;True;4701.9362;00815.2627;3.8892
951;199;-23.09376;25.77939;14:14:19.80;13/10/22;True;4701.9362;00815.2628;3.7966
952;201;-21.74962;26.68457;14:14:20.00;13/10/22;True;4701.9357;00815.2627;3.87068
953;201;-22.09852;22.217;14:14:20.20;13/10/22;True;4701.9355;00815.2627;3.94476
954;202;-18.66286;22.70274;14:14:20.40;13/10/22;True;4701.9354;00815.2627;3.94476
955;196;-19.16574;23.92578;14:14:20.60;13/10/22;True;4701.9353;00815.2627;4.03736
956;202;-24.57577;27.33361;14:14:20.80;13/10/22;True;4701.9352;00815.2627;4.0744
957;203;-25.27982;26.98697;14:14:21.00;13/10/22;True;4701.9351;00815.2628;4.03736
958;194;-24.77797;26.42011;14:14:21.20;13/10/22;True;4701.9351;00815.2628;3.72252
959;201;-22.86043;23.13948;14:14:21.40;13/10/22;True;4701.9351;00815.2630;3.57436
960;198;-18.0048;20.57681;14:14:21.60;13/10/22;True;4701.9351;00815.2631;3.18544
961;202;-18.52182;21.48518;14:14:21.80;13/10/22;True;4701.9352;00815.2632;2.88912
962;205;-20.67266;24.60435;14:14:22.00;13/10/22;True;4701.9354;00815.2633;2.4076
963;196;-21.97034;26.24083;14:14:22.20;13/10/22;True;4701.9356;00815.2635;2.37056
964;198;-23.08256;26.02119;14:14:22.40;13/10/22;True;4701.9357;00815.2637;2.46316
965;200;-25.58281;20.48791;14:14:22.60;13/10/22;True;4701.9358;00815.2638;2.57428
966;201;-20.29854;22.61736;14:14:22.80;13/10/22;True;4701.9358;00815.2640;2.92616
967;201;-20.97153;25.15568;14:14:23.00;13/10/22;True;4701.9358;00815.2642;3.00024
968;199;-19.91803;27.98235;14:14:23.20;13/10/22;True;4701.9359;00815.2644;3.11136
969;200;-17.96962;26.46851;14:14:23.40;13/10/22;True;4701.9359;00815.2646;3.18544
970;200;-18.40565;24.64507;14:14:23.60;13/10/22;True;4701.9359;00815.2648;3.25952
971;200;-13.74902;28.57308;14:14:23.80;13/10/22;True;4701.9356;00815.2652;3.37064
972;203;-15.00239;25.8242;14:14:24.00;13/10/22;True;4701.9353;00815.2655;3.46324
973;201;-17.0332;22.99982;14:14:24.20;13/10/22;True;4701.9352;00815.2657;3.55584
974;199;-13.73407;21.24847;14:14:24.40;13/10/22;True;4701.9351;00815.2660;3.62992
975;200;-10.29521;21.21595;14:14:24.60;13/10/22;True;4701.9350;00815.2662;3.68548
976;201;-9.875394;20.2048;14:14:24.80;13/10/22;True;4701.9350;00815.2665;3.74104
977;203;-7.723577;20.16778;14:14:25.00;13/10/22;True;4701.9349;00815.2667;3.7966
978;197;-8.305175;20.68833;14:14:25.20;13/10/22;True;4701.9349;00815.2670;3.85216
979;200;-12.13832;21.98415;14:14:25.40;13/10/22;True;4701.9347;00815.2673;3.94476
980;200;-13.2098;22.7387;14:14:25.60;13/10/22;True;4701.9345;00815.2675;4.03736
981;201;-14.98038;21.44125;14:14:25.80;13/10/22;True;4701.9343;00815.2678;4.61148
982;201;-6.804808;22.9311;14:14:26.00;13/10/22;True;4701.9342;00815.2681;4.74112
983;203;-5.993572;23.17391;14:14:26.20;13/10/22;True;4701.9340;00815.2683;5.22264
984;197;-4.488832;24.77016;14:14:26.40;13/10/22;True;4701.9339;00815.2686;5.31524
985;199;-5.124571;24.75499;14:14:26.60;13/10/22;True;4701.9338;00815.2689;5.44488
986;200;-2.788867;22.66576;14:14:26.80;13/10/22;True;4701.9337;00815.2691;5.44488
987;201;-1.908874;22.99359;14:14:27.00;13/10/22;True;4701.9336;00815.2693;5.33376
988;198;0.677331;22.49242;14:14:27.20;13/10/22;True;4701.9335;00815.2695;4.94484
989;200;-2.540972;24.05211;14:14:27.40;13/10/22;True;4701.9334;00815.2697;4.64852
990;201;-3.578093;23.11363;14:14:27.60;13/10/22;True;4701.9333;00815.2699;4.66704
991;201;-3.423464;23.41312;14:14:27.80;13/10/22;True;4701.9333;00815.2700;4.74112
992;201;-4.668832;22.07422;14:14:28.00;13/10/22;True;4701.9332;00815.2702;4.87076
993;198;-0.9232107;20.895;14:14:28.20;13/10/22;True;4701.9332;00815.2704;5.1856
994;200;-0.7204045;21.57012;14:14:28.40;13/10/22;True;4701.9331;00815.2707;5.29672
995;200;-3.201919;22.47566;14:14:28.60;13/10/22;True;4701.9331;00815.2708;5.33376
996;202;-5.10218;21.2364;14:14:28.80;13/10/22;True;4701.9331;00815.2710;5.25968
997;201;-2.371512;19.13134;14:14:29.00;13/10/22;True;4701.9331;00815.2712;5.24116
998;197;-0.8789991;20.75612;14:14:29.20;13/10/22;True;4701.9331;00815.2714;5.25968
999;199;-2.340469;21.13688;14:14:29.40;13/10/22;True;4701.9330;00815.2716;5.25968
1000;200;-2.539004;21.69207;14:14:29.60;13/10/22;True;4701.9330;00815.2719;5.31524
1001;200;-8.347303;23.87306;14:14:29.80;13/10/22;True;4701.9330;00815.2720;5.03744
1002;205;-9.428137;21.53044;14:14:30.00;13/10/22;True;4701.9332;00815.2721;4.22256
1003;196;-12.52319;20.97447;14:14:30.20;13/10/22;True;4701.9333;00815.2724;4.2596
1004;199;-11.29269;20.94542;14:14:30.40;13/10/22;True;4701.9334;00815.2727;4.33368
1005;203;-12.09604;22.75365;14:14:30.60;13/10/22;True;4701.9335;00815.2730;4.33368
1006;198;-15.85277;23.57463;14:14:30.80;13/10/22;True;4701.9336;00815.2733;4.38924
1007;202;-18.94687;22.88207;14:14:31.00;13/10/22;True;4701.9336;00815.2735;4.3522
1008;199;-21.03491;22.6189;14:14:31.20;13/10/22;True;4701.9337;00815.2738;4.3522
1009;200;-19.75433;23.72265;14:14:31.40;13/10/22;True;4701.9337;00815.2742;4.3522
1010;197;-20.05527;25.45802;14:14:31.60;13/10/22;True;4701.9337;00815.2745;4.37072
1011;202;-20.72189;27.06503;14:14:31.80;13/10/22;True;4701.9337;00815.2748;4.37072
1012;205;-20.87877;25.95099;14:14:32.00;13/10/22;True;4701.9338;00815.2751;4.37072
1013;194;-20.9069;25.21138;14:14:32.20;13/10/22;True;4701.9338;00815.2754;4.4448
1014;200;-18.24113;21.54836;14:14:32.40;13/10/22;True;4701.9338;00815.2757;4.4448
1015;202;-16.41075;23.37767;14:14:32.60;13/10/22;True;4701.9339;00815.2760;4.4448
1016;203;-15.79765;24.51112;14:14:32.80;13/10/22;True;4701.9340;00815.2762;4.38924
1017;199;-17.65311;26.07783;14:14:33.00;13/10/22;True;4701.9341;00815.2762;3.81512
1018;198;-21.16986;27.53208;14:14:33.20;13/10/22;True;4701.9342;00815.2763;3.66696
1019;199;-21.34104;26.83888;14:14:33.40;13/10/22;True;4701.9343;00815.2765;3.31508
1020;201;-23.14585;23.71287;14:14:33.60;13/10/22;True;4701.9344;00815.2766;3.31508
1021;201;-19.18803;25.7135;14:14:33.80;13/10/22;True;4701.9345;00815.2767;3.37064
1022;201;-18.13015;26.12466;14:14:34.00;13/10/22;True;4701.9345;00815.2769;3.4262
1023;198;-21.09202;27.96234;14:14:34.20;13/10/22;True;4701.9345;00815.2771;3.50028
1024;199;-19.95952;26.72751;14:14:34.40;13/10/22;True;4701.9345;00815.2773;3.59288
1025;201;-18.23285;26.83515;14:14:34.60;13/10/22;True;4701.9343;00815.2778;3.57436
1026;202;-14.79684;22.96311;14:14:34.80;13/10/22;True;4701.9343;00815.2780;3.55584
1027;202;-10.31361;23.79939;14:14:35.00;13/10/22;True;4701.9343;00815.2781;3.22248
1028;196;-10.06462;25.18794;14:14:35.20;13/10/22;True;4701.9343;00815.2784;3.22248
1029;199;-11.38111;25.16653;14:14:35.40;13/10/22;True;4701.9344;00815.2785;3.20396
1030;201;-12.19151;25.34581;14:14:35.60;13/10/22;True;4701.9344;00815.2788;3.18544
1031;202;-12.42452;24.23838;14:14:35.80;13/10/22;True;4701.9344;00815.2789;3.11136
1032;202;-8.504387;22.60512;14:14:36.00;13/10/22;True;4701.9344;00815.2791;3.0558
1033;197;-6.044593;21.94684;14:14:36.20;13/10/22;True;4701.9345;00815.2793;3.0558
1034;198;-5.771727;23.25045;14:14:36.40;13/10/22;True;4701.9345;00815.2795;3.07432
1035;201;-7.53737;24.69751;14:14:36.60;13/10/22;True;4701.9345;00815.2797;3.11136
1036;197;-7.550216;24.3826;14:14:36.80;13/10/22;True;4701.9344;00815.2800;3.12988
1037;206;-5.354819;22.59122;14:14:37.00;13/10/22;True;4701.9344;00815.2802;3.11136
1038;195;-5.318799;21.68835;14:14:37.20;13/10/22;True;4701.9344;00815.2804;3.03728
1039;202;-3.801847;23.76545;14:14:37.40;13/10/22;True;4701.9345;00815.2805;3.00024
1040;202;-4.069266;26.13712;14:14:37.60;13/10/22;True;4701.9346;00815.2806;2.9632
1041;199;-4.890297;28.41251;14:14:37.80;13/10/22;True;4701.9346;00815.2808;2.85208
1042;200;-5.460328;28.54172;14:14:38.00;13/10/22;True;4701.9347;00815.2809;2.81504
1043;199;-4.042062;28.51847;14:14:38.20;13/10/22;True;4701.9347;00815.2809;2.79652
1044;203;-2.318972;28.67345;14:14:38.40;13/10/22;True;4701.9348;00815.2810;2.778
1045;198;0.267807;27.8581;14:14:38.60;13/10/22;True;4701.9349;00815.2811;2.88912
1046;202;4.229311;28.27156;14:14:38.80;13/10/22;True;4701.9350;00815.2811;2.81504
1047;203;5.924932;26.80618;14:14:39.00;13/10/22;True;4701.9351;00815.2811;2.62984
1048;194;5.247406;27.10932;14:14:39.20;13/10/22;True;4701.9351;00815.2812;2.48168
1049;200;9.244545;28.84116;14:14:39.40;13/10/22;True;4701.9351;00815.2812;2.37056
1050;202;10.15712;28.46779;14:14:39.60;13/10/22;True;4701.9352;00815.2812;2.315
1051;202;11.46411;27.31584;14:14:39.80;13/10/22;True;4701.9353;00815.2813;2.38908
1052;200;12.91551;26.69147;14:14:40.00;13/10/22;True;4701.9353;00815.2813;2.38908
1053;197;14.99486;26.42578;14:14:40.20;13/10/22;True;4701.9353;00815.2814;2.33352
1054;201;15.36063;26.311;14:14:40.40;13/10/22;True;4701.9354;00815.2815;2.27796
1055;199;14.67894;25.22387;14:14:40.60;13/10/22;True;4701.9354;00815.2815;2.2224
1056;200;14.06742;24.75798;14:14:40.80;13/10/22;True;4701.9354;00815.2816;2.16684
1057;202;12.49161;24.78352;14:14:41.00;13/10/22;True;4701.9355;00815.2816;2.1298
1058;201;11.83693;24.8991;14:14:41.20;13/10/22;True;4701.9355;00815.2817;1.88904
1059;198;11.39774;24.8836;14:14:41.40;13/10/22;True;4701.9355;00815.2817;1.42604
1060;198;11.23984;25.13391;14:14:41.60;13/10/22;True;4701.9356;00815.2817;1.14824
1061;203;10.38664;25.19857;14:14:41.80;13/10/22;True;4701.9356;00815.2818;1.0186
1062;200;10.23768;24.97624;14:14:42.00;13/10/22;True;4701.9356;00815.2817;0.90748
1063;202;10.06143;24.2571;14:14:42.20;13/10/22;True;4701.9357;00815.2817;0.79636
1064;196;10.71621;23.84853;14:14:42.40;13/10/22;True;4701.9357;00815.2818;0.7408
1065;200;11.40318;23.92899;14:14:42.60;13/10/22;True;4701.9357;00815.2818;0.66672
1066;201;11.82772;25.49834;14:14:42.80;13/10/22;True;4701.9357;00815.2818;0.59264
1067;203;12.93513;25.75717;14:14:43.00;13/10/22;True;4701.9358;00815.2818;0.7408
1068;196;12.68739;26.26799;14:14:43.20;13/10/22;True;4701.9358;00815.2818;0.81488
1069;198;12.80849;29.07014;14:14:43.40;13/10/22;True;4701.9359;00815.2819;0.85192
1070;202;12.10387;31.15736;14:14:43.60;13/10/22;True;4701.9359;00815.2819;0.88896
1071;200;14.26188;30.76331;14:14:43.80;13/10/22;True;4701.9360;00815.2819;0.926
1072;203;17.12235;29.03263;14:14:44.00;13/10/22;True;4701.9361;00815.2820;0.94452
1073;198;16.00788;28.43927;14:14:44.20;13/10/22;True;4701.9361;00815.2820;0.96304
1074;200;15.44272;26.93802;14:14:44.40;13/10/22;True;4701.9361;00815.2820;1.25936
1075;199;16.43476;25.72579;14:14:44.60;13/10/22;True;4701.9362;00815.2821;1.31492
1076;201;14.63097;24.10124;14:14:44.80;13/10/22;True;4701.9362;00815.2821;0.90748
1077;201;10.89418;21.59683;14:14:45.00;13/10/22;True;4701.9362;00815.2821;0.88896
1078;195;7.742924;21.45736;14:14:45.20;13/10/22;True;4701.9362;00815.2822;0.94452
1079;203;-1.247854;22.63967;14:14:45.40;13/10/22;True;4701.9362;00815.2823;0.94452
1080;201;-2.721384;22.19259;14:14:45.60;13/10/22;True;4701.9362;00815.2823;0.96304
1081;200;-3.591341;27.01665;14:14:45.80;13/10/22;True;4701.9361;00815.2824;1.05564
1082;206;-4.464652;28.25531;14:14:46.00;13/10/22;True;4701.9361;00815.2825;1.24084
1083;195;-4.818727;27.89605;14:14:46.20;13/10/22;True;4701.9361;00815.2825;1.33344
1084;200;-5.946359;26.60151;14:14:46.40;13/10/22;True;4701.9360;00815.2826;1.46308
1085;200;-6.391232;25.02922;14:14:46.60;13/10/22;True;4701.9359;00815.2827;1.59272
1086;199;-6.877923;24.72514;14:14:46.80;13/10/22;True;4701.9359;00815.2828;1.6668
1087;204;-5.528656;23.84798;14:14:47.00;13/10/22;True;4701.9358;00815.2829;1.77792
1088;196;-3.153695;24.94581;14:14:47.20;13/10/22;True;4701.9358;00815.2830;1.852
1089;201;8.202607;18.07337;14:14:47.40;13/10/22;True;4701.9358;00815.2831;1.92608
1090;202;13.82586;2.725673;14:14:47.60;13/10/22;True;4701.9358;00815.2832;1.6668
1091;199;14.28837;1.476706;14:14:47.80;13/10/22;True;4701.9359;00815.2832;1.74088
1092;199;13.08694;3.603495;14:14:48.00;13/10/22;True;4701.9360;00815.2833;2.14832
1093;202;13.85386;6.406271;14:14:48.20;13/10/22;True;4701.9361;00815.2832;2.33352
1094;198;13.1323;9.416048;14:14:48.40;13/10/22;True;4701.9362;00815.2832;2.18536
1095;199;16.38232;-16.59528;14:14:48.60;13/10/22;True;4701.9362;00815.2832;1.51864
1096;201;15.77625;-15.99115;14:14:48.80;13/10/22;True;4701.9362;00815.2831;1.09268
1097;202;15.19081;-15.40678;14:14:49.00;13/10/22;True;4701.9362;00815.2831;0.94452
1098;201;14.62686;-14.85258;14:14:49.20;13/10/22;True;4701.9363;00815.2830;1.03712
1099;196;14.06146;-14.30715;14:14:49.40;13/10/22;True;4701.9363;00815.2829;1.03712
1100;201;13.53767;-13.77922;14:14:49.60;13/10/22;True;4701.9363;00815.2829;0.88896
1101;200;12.91696;-13.35713;14:14:49.80;13/10/22;True;4701.9363;00815.2829;0.70376
1102;202;12.20776;-12.76732;14:14:50.00;13/10/22;True;4701.9363;00815.2829;0.5556001
1103;198;11.76125;-12.30547;14:14:50.20;13/10/22;True;4701.9362;00815.2830;0.29632
1104;201;11.32003;-11.85828;14:14:50.40;13/10/22;True;4701.9362;00815.2830;0.2778
1105;201;10.89852;-11.43225;14:14:50.60;13/10/22;True;4701.9363;00815.2830;0.29632
1106;199;10.49734;-11.01956;14:14:50.80;13/10/22;True;4701.9363;00815.2830;0.7778399
1107;202;10.10223;-10.62652;14:14:51.00;13/10/22;True;4701.9364;00815.2831;0.96304
1108;197;9.711428;-10.22584;14:14:51.20;13/10/22;True;4701.9364;00815.2831;0.61116
1109;201;9.363731;-9.872505;14:14:51.40;13/10/22;True;4701.9365;00815.2831;0.51856
1110;199;9.022211;-9.526571;14:14:51.60;13/10/22;True;4701.9365;00815.2831;0.35188
1111;201;8.696016;-9.189271;14:14:51.80;13/10/22;True;4701.9366;00815.2831;0.1852
1112;201;8.323053;-8.815383;14:14:52.00;13/10/22;True;4701.9366;00815.2831;0.1852
1113;199;8.142052;-8.57128;14:14:52.20;13/10/22;True;4701.9367;00815.2832;0.2778
1114;200;7.933085;-8.341712;14:14:52.40;13/10/22;True;4701.9367;00815.2832;0.33336
1115;200;7.650045;-8.057057;14:14:52.60;13/10/22;True;4701.9367;00815.2832;0.35188
1116;201;7.378223;-7.785048;14:14:52.80;13/10/22;True;4701.9367;00815.2833;0.38892
1117;202;7.113066;-7.524529;14:14:53.00;13/10/22;True;4701.9367;00815.2833;0.51856
1118;198;6.868879;-7.272068;14:14:53.20;13/10/22;True;4701.9367;00815.2833;0.38892
1119;199;6.624601;-7.020914;14:14:53.40;13/10/22;True;4701.9367;00815.2833;0.38892
1120;202;6.381594;-6.771246;14:14:53.60;13/10/22;True;4701.9367;00815.2833;0.463
1121;199;6.157596;-6.544404;14:14:53.80;13/10/22;True;4701.9367;00815.2834;0.50004
1122;204;5.841467;-6.206597;14:14:54.00;13/10/22;True;4701.9367;00815.2834;1.37048
1123;200;5.64419;-5.999288;14:14:54.20;13/10/22;True;4701.9367;00815.2834;1.40752
1124;194;5.446391;-5.799887;14:14:54.40;13/10/22;True;4701.9367;00815.2834;1.22232
1125;201;5.26302;-5.620827;14:14:54.60;13/10/22;True;4701.9367;00815.2834;1.0186
1126;199;5.086228;-5.432565;14:14:54.80;13/10/22;True;4701.9367;00815.2834;0.79636
1127;205;4.945761;-5.28372;14:14:55.00;13/10/22;True;4701.9367;00815.2834;0.72228
1128;196;4.770885;-5.10499;14:14:55.20;13/10/22;True;4701.9367;00815.2834;0.70376
1129;199;4.614737;-4.946751;14:14:55.40;13/10/22;True;4701.9367;00815.2834;0.5556001
1130;203;4.390572;-4.713568;14:14:55.60;13/10/22;True;4701.9368;00815.2834;0.51856
1131;201;4.249047;-4.563685;14:14:55.80;13/10/22;True;4701.9368;00815.2834;0.50004
1132;199;4.109246;-4.42776;14:14:56.00;13/10/22;True;4701.9367;00815.2835;0.57412
1133;197;3.960013;-4.289072;14:14:56.20;13/10/22;True;4701.9367;00815.2835;0.6482
1134;202;3.82313;-4.154582;14:14:56.40;13/10/22;True;4701.9367;00815.2835;0.68524
1135;197;3.711841;-4.044665;14:14:56.60;13/10/22;True;4701.9367;00815.2835;0.62968
1136;205;3.53782;-3.863949;14:14:56.80;13/10/22;True;4701.9368;00815.2834;0.463
1137;203;3.429719;-3.749274;14:14:57.00;13/10/22;True;4701.9368;00815.2834;0.35188
1138;196;3.324325;-3.644753;14:14:57.20;13/10/22;True;4701.9369;00815.2834;0.59264
1139;197;3.232797;-3.545199;14:14:57.40;13/10/22;True;4701.9369;00815.2834;0.6482
1140;202;3.133047;-3.447681;14:14:57.60;13/10/22;True;4701.9369;00815.2835;0.62968
1141;201;3.044871;-3.365377;14:14:57.80;13/10/22;True;4701.9369;00815.2835;0.5556001
1142;201;2.963167;-3.277473;14:14:58.00;13/10/22;True;4701.9370;00815.2835;0.48152
1143;197;2.882575;-3.193615;14:14:58.20;13/10/22;True;4701.9370;00815.2835;0.33336
1144;202;2.796525;-3.11165;14:14:58.40;13/10/22;True;4701.9370;00815.2834;0.40744
1145;200;2.713156;-3.034656;14:14:58.60;13/10/22;True;4701.9370;00815.2834;0.463
1146;198;2.642463;-2.959819;14:14:58.80;13/10/22;True;4701.9371;00815.2835;0.40744
1147;202;2.574423;-2.891116;14:14:59.00;13/10/22;True;4701.9371;00815.2835;0.38892
1148;199;2.500553;-2.822453;14:14:59.20;13/10/22;True;4701.9371;00815.2835;0.38892
1149;199;2.428857;-2.755943;14:14:59.40;13/10/22;True;4701.9371;00815.2835;0.35188
1150;200;2.363186;-2.692163;14:14:59.60;13/10/22;True;4701.9371;00815.2835;0.38892
1151;202;2.297242;-2.632221;14:14:59.80;13/10/22;True;4701.9372;00815.2835;0.38892
1152;198;2.24233;-2.57289;14:15:00.00;13/10/22;True;4701.9372;00815.2835;0.38892
1153;202;2.180604;-2.514439;14:15:00.20;13/10/22;True;4701.9372;00815.2835;0.3704
1154;199;2.125159;-2.461491;14:15:00.40;13/10/22;True;4701.9372;00815.2835;0.50004
1155;201;2.069052;-2.409855;14:15:00.60;13/10/22;True;4701.9372;00815.2835;0.42596
1156;200;2.013741;-2.359547;14:15:00.80;13/10/22;True;4701.9373;00815.2835;0.79636
1157;201;1.963385;-2.310577;14:15:01.00;13/10/22;True;4701.9373;00815.2834;0.926
1158;201;1.921956;-2.264914;14:15:01.20;13/10/22;True;4701.9373;00815.2834;0.926
1159;198;1.873332;-2.21916;14:15:01.40;13/10/22;True;4701.9374;00815.2834;0.68524
1160;201;1.82536;-2.176722;14:15:01.60;13/10/22;True;4701.9374;00815.2835;0.72228
1161;199;1.783764;-2.136713;14:15:01.80;13/10/22;True;4701.9374;00815.2835;0.62968
1162;202;1.740556;-2.097194;14:15:02.00;13/10/22;True;4701.9374;00815.2835;0.48152
1163;197;1.698163;-2.059703;14:15:02.20;13/10/22;True;4701.9374;00815.2835;0.35188
1164;198;1.667784;-2.024028;14:15:02.40;13/10/22;True;4701.9374;00815.2835;0.20372
1165;203;1.633044;-1.987898;14:15:02.60;13/10/22;True;4701.9374;00815.2835;0.12964
1166;200;1.60753;-1.954201;14:15:02.80;13/10/22;True;4701.9374;00815.2835;0.07408
1167;202;1.571793;-1.920646;14:15:03.00;13/10/22;True;4701.9374;00815.2835;0.03704
1168;198;1.537939;-1.889391;14:15:03.20;13/10/22;True;4701.9374;00815.2835;0.07408
1169;200;1.504468;-1.858895;14:15:03.40;13/10/22;True;4701.9374;00815.2835;0.20372
1170;199;1.472234;-1.832306;14:15:03.60;13/10/22;True;4701.9373;00815.2836;0.29632
1171;198;1.450552;-1.803502;14:15:03.80;13/10/22;True;4701.9373;00815.2836;0.35188
1172;200;1.429839;-1.782548;14:15:04.00;13/10/22;True;4701.9373;00815.2836;0.3704
1173;200;1.443511;-1.745816;14:15:04.20;13/10/22;True;4701.9373;00815.2836;0.38892
1174;201;1.41928;-1.72274;14:15:04.40;13/10/22;True;4701.9373;00815.2836;0.40744
1175;200;1.403415;-1.699195;14:15:04.60;13/10/22;True;4701.9373;00815.2836;0.3704
1176;199;1.378747;-1.677894;14:15:04.80;13/10/22;True;4701.9373;00815.2836;0.33336
1177;204;1.360571;-1.655951;14:15:05.00;13/10/22;True;4701.9374;00815.2836;0.25928
1178;197;1.344231;-1.627598;14:15:05.20;13/10/22;True;4701.9374;00815.2836;0.24076
1179;199;1.318795;-1.608664;14:15:05.40;13/10/22;True;4701.9374;00815.2836;0.1852
1180;201;1.302836;-1.598438;14:15:05.60;13/10/22;True;4701.9375;00815.2836;0.14816
1181;200;1.288611;-1.580399;14:15:05.80;13/10/22;True;4701.9375;00815.2836;0.14816
1182;202;1.265204;-1.562658;14:15:06.00;13/10/22;True;4701.9375;00815.2836;0.14816
1183;200;1.243436;-1.543599;14:15:06.20;13/10/22;True;4701.9375;00815.2836;0.14816
